Time,Disp
1,8088.0
2,8092.0
3,8092.0
4,8092.0
5,8088.0
6,8088.0
7,8088.0
8,8088.0
9,8088.0
10,8088.0
11,8088.0
12,8088.0
13,8088.0
14,8088.0
15,8088.0
16,8092.0
17,8092.0
18,8092.0
19,8092.0
20,8092.0
21,8092.0
22,8088.0
23,8088.0
24,8088.0
25,8088.0
26,8084.0
27,8084.0
28,8084.0
29,8080.0
30,8080.0
31,8080.0
32,8080.0
33,8076.0
34,8076.0
35,8072.0
36,8072.0
37,8072.0
38,8072.0
39,8072.0
40,8072.0
41,8068.0
42,8064.0
43,8060.0
44,8056.0
45,8056.0
46,8052.0
47,8048.0
48,8036.0
49,8032.0
50,8028.0
51,8024.0
52,8016.0
53,8012.0
54,8000.0
55,7980.0
56,7972.0
57,7968.0
58,7960.0
59,7944.0
60,7928.0
61,7916.0
62,7912.0
63,7904.0
64,7900.0
65,7900.0
66,7896.0
67,7896.0
68,7888.0
69,7884.0
70,7880.0
71,7884.0
72,7892.0
73,7876.0
74,7872.0
75,7872.0
76,7868.0
77,7868.0
78,7872.0
79,7872.0
80,7868.0
81,7872.0
82,7868.0
83,7868.0
84,7868.0
85,7864.0
86,7864.0
87,7868.0
88,7864.0
89,7868.0
90,7864.0
91,7864.0
92,7868.0
93,7864.0
94,7860.0
95,7860.0
96,7860.0
97,7860.0
98,7860.0
99,7856.0
100,7864.0
101,7864.0
102,7856.0
103,7856.0
104,7856.0
105,7856.0
106,7852.0
107,7852.0
108,7852.0
109,7852.0
110,7852.0
111,7852.0
112,7852.0
113,7856.0
114,7852.0
115,7852.0
116,7852.0
117,7848.0
118,7848.0
119,7848.0
120,7848.0
121,7848.0
122,7848.0
123,7848.0
124,7848.0
125,7848.0
126,7844.0
127,7848.0
128,7848.0
129,7848.0
130,7848.0
131,7848.0
132,7844.0
133,7844.0
134,7844.0
135,7836.0
136,7828.0
137,7812.0
138,7800.0
139,7792.0
140,7784.0
141,7776.0
142,7772.0
143,7764.0
144,7760.0
145,7756.0
146,7764.0
147,7764.0
148,7756.0
149,7756.0
150,7756.0
151,7756.0
152,7752.0
153,7756.0
154,7764.0
155,7764.0
156,7768.0
157,7764.0
158,7764.0
159,7772.0
160,7772.0
161,7772.0
162,7768.0
163,7768.0
164,7772.0
165,7776.0
166,7776.0
167,7776.0
168,7776.0
169,7780.0
170,7784.0
171,7784.0
172,7788.0
173,7792.0
174,7792.0
175,7792.0
176,7792.0
177,7800.0
178,7800.0
179,7800.0
180,7804.0
181,7804.0
182,7804.0
183,7804.0
184,7812.0
185,7812.0
186,7812.0
187,7812.0
188,7816.0
189,7820.0
190,7820.0
191,7824.0
192,7824.0
193,7824.0
194,7828.0
195,7828.0
196,7832.0
197,7836.0
198,7836.0
199,7836.0
200,7840.0
201,7836.0
202,7844.0
203,7844.0
204,7844.0
205,7848.0
206,7848.0
207,7852.0
208,7852.0
209,7856.0
210,7860.0
211,7856.0
212,7864.0
213,7860.0
214,7860.0
215,7868.0
216,7872.0
217,7876.0
218,7876.0
219,7880.0
220,7884.0
221,7888.0
222,7888.0
223,7892.0
224,7896.0
225,7896.0
226,7896.0
227,7900.0
228,7896.0
229,7900.0
230,7912.0
231,7916.0
232,7916.0
233,7920.0
234,7924.0
235,7928.0
236,7924.0
237,7932.0
238,7940.0
239,7940.0
240,7944.0
241,7948.0
242,7948.0
243,7952.0
244,7956.0
245,7964.0
246,7964.0
247,7968.0
248,7968.0
249,7972.0
250,7976.0
251,7984.0
252,7980.0
253,7984.0
254,7988.0
255,7992.0
256,7992.0
257,7996.0
258,7996.0
259,7992.0
260,7996.0
261,8000.0
262,8000.0
263,8004.0
264,8004.0
265,8004.0
266,8004.0
267,8016.0
268,8008.0
269,8016.0
270,8020.0
271,8020.0
272,8016.0
273,8020.0
274,8024.0
275,8024.0
276,8024.0
277,8024.0
278,8032.0
279,8032.0
280,8032.0
281,8024.0
282,8028.0
283,8028.0
284,8032.0
285,8024.0
286,8028.0
287,8028.0
288,8040.0
289,8036.0
290,8044.0
291,8052.0
292,8056.0
293,8060.0
294,8052.0
295,8064.0
296,8064.0
297,8060.0
298,8060.0
299,8060.0
300,8056.0
301,8052.0
302,8048.0
303,8044.0
304,8044.0
305,8032.0
306,8032.0
307,8024.0
308,8020.0
309,8012.0
310,8008.0
311,7988.0
312,7976.0
313,7972.0
314,7968.0
315,7948.0
316,7944.0
317,7948.0
318,7920.0
319,7924.0
320,7924.0
321,7908.0
322,7912.0
323,7900.0
324,7896.0
325,7884.0
326,7892.0
327,7884.0
328,7880.0
329,7876.0
330,7876.0
331,7876.0
332,7876.0
333,7872.0
334,7872.0
335,7868.0
336,7868.0
337,7864.0
338,7860.0
339,7864.0
340,7856.0
341,7856.0
342,7856.0
343,7852.0
344,7852.0
345,7848.0
346,7848.0
347,7848.0
348,7844.0
349,7844.0
350,7844.0
351,7840.0
352,7840.0
353,7836.0
354,7832.0
355,7832.0
356,7836.0
357,7832.0
358,7832.0
359,7828.0
360,7824.0
361,7820.0
362,7820.0
363,7820.0
364,7816.0
365,7816.0
366,7816.0
367,7808.0
368,7808.0
369,7808.0
370,7804.0
371,7808.0
372,7800.0
373,7804.0
374,7796.0
375,7804.0
376,7796.0
377,7796.0
378,7792.0
379,7792.0
380,7788.0
381,7788.0
382,7788.0
383,7788.0
384,7784.0
385,7780.0
386,7784.0
387,7776.0
388,7780.0
389,7776.0
390,7776.0
391,7772.0
392,7776.0
393,7772.0
394,7768.0
395,7768.0
396,7768.0
397,7768.0
398,7764.0
399,7764.0
400,7764.0
401,7760.0
402,7764.0
403,7760.0
404,7760.0
405,7752.0
406,7740.0
407,7724.0
408,7720.0
409,7716.0
410,7712.0
411,7716.0
412,7712.0
413,7712.0
414,7712.0
415,7708.0
416,7708.0
417,7712.0
418,7708.0
419,7708.0
420,7708.0
421,7712.0
422,7712.0
423,7716.0
424,7716.0
425,7716.0
426,7724.0
427,7724.0
428,7724.0
429,7728.0
430,7732.0
431,7736.0
432,7736.0
433,7736.0
434,7740.0
435,7740.0
436,7748.0
437,7748.0
438,7752.0
439,7756.0
440,7756.0
441,7760.0
442,7760.0
443,7764.0
444,7764.0
445,7768.0
446,7768.0
447,7776.0
448,7776.0
449,7780.0
450,7784.0
451,7788.0
452,7784.0
453,7788.0
454,7792.0
455,7792.0
456,7792.0
457,7800.0
458,7800.0
459,7804.0
460,7808.0
461,7808.0
462,7812.0
463,7812.0
464,7816.0
465,7812.0
466,7820.0
467,7820.0
468,7820.0
469,7824.0
470,7824.0
471,7828.0
472,7828.0
473,7832.0
474,7832.0
475,7836.0
476,7836.0
477,7844.0
478,7836.0
479,7840.0
480,7848.0
481,7844.0
482,7848.0
483,7852.0
484,7856.0
485,7852.0
486,7856.0
487,7860.0
488,7860.0
489,7876.0
490,7876.0
491,7872.0
492,7872.0
493,7876.0
494,7880.0
495,7884.0
496,7888.0
497,7888.0
498,7892.0
499,7892.0
500,7896.0
501,7896.0
502,7900.0
503,7900.0
504,7904.0
505,7908.0
506,7912.0
507,7916.0
508,7916.0
509,7916.0
510,7920.0
511,7920.0
512,7924.0
513,7924.0
514,7924.0
515,7924.0
516,7928.0
517,7932.0
518,7936.0
519,7932.0
520,7948.0
521,7940.0
522,7944.0
523,7944.0
524,7948.0
525,7952.0
526,7960.0
527,7960.0
528,7964.0
529,7972.0
530,7964.0
531,7968.0
532,7972.0
533,7972.0
534,7980.0
535,7972.0
536,7972.0
537,7976.0
538,7976.0
539,7980.0
540,7980.0
541,7972.0
542,7976.0
543,7984.0
544,7988.0
545,7996.0
546,7996.0
547,7992.0
548,7996.0
549,8004.0
550,8004.0
551,7996.0
552,8000.0
553,8004.0
554,8000.0
555,8000.0
556,8008.0
557,8016.0
558,8020.0
559,8020.0
560,8024.0
561,8036.0
562,8044.0
563,8040.0
564,8044.0
565,8052.0
566,8052.0
567,8048.0
568,8052.0
569,8052.0
570,8056.0
571,8056.0
572,8052.0
573,8052.0
574,8052.0
575,8056.0
576,8052.0
577,8048.0
578,8052.0
579,8048.0
580,8048.0
581,8048.0
582,8044.0
583,8040.0
584,8040.0
585,8040.0
586,8036.0
587,8032.0
588,8032.0
589,8028.0
590,8032.0
591,8028.0
592,8028.0
593,8024.0
594,8024.0
595,8020.0
596,8016.0
597,8012.0
598,8004.0
599,8004.0
600,8000.0
601,7996.0
602,7988.0
603,7992.0
604,7992.0
605,7992.0
606,7984.0
607,7980.0
608,7972.0
609,7972.0
610,7980.0
611,7972.0
612,7972.0
613,7972.0
614,7964.0
615,7960.0
616,7956.0
617,7952.0
618,7956.0
619,7952.0
620,7948.0
621,7944.0
622,7952.0
623,7932.0
624,7928.0
625,7940.0
626,7932.0
627,7932.0
628,7932.0
629,7932.0
630,7928.0
631,7928.0
632,7924.0
633,7928.0
634,7924.0
635,7920.0
636,7920.0
637,7920.0
638,7916.0
639,7924.0
640,7924.0
641,7924.0
642,7912.0
643,7920.0
644,7912.0
645,7908.0
646,7916.0
647,7912.0
648,7908.0
649,7904.0
650,7900.0
651,7896.0
652,7900.0
653,7900.0
654,7904.0
655,7896.0
656,7904.0
657,7892.0
658,7892.0
659,7892.0
660,7892.0
661,7888.0
662,7888.0
663,7884.0
664,7888.0
665,7884.0
666,7892.0
667,7892.0
668,7884.0
669,7892.0
670,7892.0
671,7888.0
672,7884.0
673,7892.0
674,7892.0
675,7884.0
676,7880.0
677,7872.0
678,7860.0
679,7848.0
680,7844.0
681,7832.0
682,7820.0
683,7824.0
684,7812.0
685,7808.0
686,7808.0
687,7812.0
688,7812.0
689,7812.0
690,7808.0
691,7816.0
692,7816.0
693,7816.0
694,7820.0
695,7820.0
696,7820.0
697,7824.0
698,7824.0
699,7824.0
700,7828.0
701,7828.0
702,7828.0
703,7828.0
704,7836.0
705,7836.0
706,7832.0
707,7836.0
708,7836.0
709,7840.0
710,7840.0
711,7844.0
712,7848.0
713,7848.0
714,7852.0
715,7844.0
716,7848.0
717,7848.0
718,7860.0
719,7864.0
720,7860.0
721,7868.0
722,7868.0
723,7872.0
724,7872.0
725,7872.0
726,7880.0
727,7888.0
728,7884.0
729,7884.0
730,7884.0
731,7888.0
732,7888.0
733,7892.0
734,7892.0
735,7896.0
736,7896.0
737,7900.0
738,7904.0
739,7900.0
740,7908.0
741,7908.0
742,7908.0
743,7912.0
744,7912.0
745,7916.0
746,7916.0
747,7920.0
748,7920.0
749,7920.0
750,7924.0
751,7928.0
752,7928.0
753,7932.0
754,7932.0
755,7928.0
756,7936.0
757,7940.0
758,7940.0
759,7940.0
760,7940.0
761,7944.0
762,7944.0
763,7944.0
764,7948.0
765,7952.0
766,7952.0
767,7956.0
768,7952.0
769,7960.0
770,7960.0
771,7960.0
772,7960.0
773,7968.0
774,7964.0
775,7964.0
776,7968.0
777,7980.0
778,7976.0
779,7972.0
780,7976.0
781,7980.0
782,7980.0
783,7980.0
784,7980.0
785,7984.0
786,7980.0
787,7988.0
788,7988.0
789,7988.0
790,7992.0
791,7988.0
792,7992.0
793,7996.0
794,7992.0
795,7992.0
796,7996.0
797,7996.0
798,7996.0
799,7996.0
800,7996.0
801,7996.0
802,7996.0
803,7996.0
804,8000.0
805,8000.0
806,8004.0
807,8000.0
808,8004.0
809,8004.0
810,8004.0
811,8004.0
812,8008.0
813,8008.0
814,8016.0
815,8012.0
816,8016.0
817,8016.0
818,8012.0
819,8008.0
820,8016.0
821,8024.0
822,8016.0
823,8012.0
824,8012.0
825,8016.0
826,8020.0
827,8024.0
828,8036.0
829,8040.0
830,8044.0
831,8052.0
832,8064.0
833,8072.0
834,8068.0
835,8072.0
836,8072.0
837,8076.0
838,8076.0
839,8076.0
840,8076.0
841,8072.0
842,8068.0
843,8072.0
844,8064.0
845,8064.0
846,8064.0
847,8060.0
848,8056.0
849,8056.0
850,8052.0
851,8048.0
852,8044.0
853,8040.0
854,8040.0
855,8032.0
856,8032.0
857,8036.0
858,8020.0
859,8020.0
860,8016.0
861,8008.0
862,8004.0
863,7996.0
864,7996.0
865,7992.0
866,7988.0
867,7984.0
868,7984.0
869,7972.0
870,7972.0
871,7968.0
872,7956.0
873,7956.0
874,7956.0
875,7956.0
876,7952.0
877,7956.0
878,7956.0
879,7952.0
880,7944.0
881,7944.0
882,7940.0
883,7944.0
884,7940.0
885,7940.0
886,7936.0
887,7928.0
888,7924.0
889,7924.0
890,7912.0
891,7916.0
892,7916.0
893,7912.0
894,7904.0
895,7904.0
896,7896.0
897,7892.0
898,7888.0
899,7896.0
900,7892.0
901,7896.0
902,7896.0
903,7892.0
904,7888.0
905,7892.0
906,7888.0
907,7880.0
908,7880.0
909,7876.0
910,7880.0
911,7884.0
912,7876.0
913,7876.0
914,7868.0
915,7876.0
916,7872.0
917,7872.0
918,7868.0
919,7868.0
920,7856.0
921,7860.0
922,7860.0
923,7856.0
924,7864.0
925,7864.0
926,7848.0
927,7860.0
928,7856.0
929,7852.0
930,7860.0
931,7844.0
932,7844.0
933,7852.0
934,7840.0
935,7844.0
936,7832.0
937,7840.0
938,7828.0
939,7824.0
940,7828.0
941,7828.0
942,7824.0
943,7824.0
944,7828.0
945,7816.0
946,7808.0
947,7796.0
948,7788.0
949,7776.0
950,7764.0
951,7764.0
952,7756.0
953,7760.0
954,7756.0
955,7756.0
956,7756.0
957,7760.0
958,7760.0
959,7764.0
960,7764.0
961,7760.0
962,7764.0
963,7764.0
964,7764.0
965,7768.0
966,7772.0
967,7772.0
968,7772.0
969,7776.0
970,7780.0
971,7780.0
972,7780.0
973,7780.0
974,7784.0
975,7788.0
976,7784.0
977,7792.0
978,7792.0
979,7792.0
980,7796.0
981,7796.0
982,7800.0
983,7800.0
984,7800.0
985,7808.0
986,7808.0
987,7808.0
988,7812.0
989,7812.0
990,7820.0
991,7816.0
992,7820.0
993,7824.0
994,7824.0
995,7824.0
996,7828.0
997,7828.0
998,7832.0
999,7836.0
1000,7836.0
1001,7836.0
1002,7840.0
1003,7844.0
1004,7848.0
1005,7848.0
1006,7852.0
1007,7848.0
1008,7852.0
1009,7852.0
1010,7860.0
1011,7856.0
1012,7860.0
1013,7864.0
1014,7868.0
1015,7868.0
1016,7868.0
1017,7872.0
1018,7880.0
1019,7880.0
1020,7880.0
1021,7884.0
1022,7884.0
1023,7892.0
1024,7892.0
1025,7892.0
1026,7896.0
1027,7896.0
1028,7900.0
1029,7904.0
1030,7908.0
1031,7904.0
1032,7908.0
1033,7908.0
1034,7908.0
1035,7908.0
1036,7912.0
1037,7916.0
1038,7916.0
1039,7920.0
1040,7920.0
1041,7920.0
1042,7920.0
1043,7924.0
1044,7924.0
1045,7928.0
1046,7932.0
1047,7932.0
1048,7932.0
1049,7932.0
1050,7932.0
1051,7936.0
1052,7936.0
1053,7944.0
1054,7944.0
1055,7944.0
1056,7948.0
1057,7948.0
1058,7952.0
1059,7952.0
1060,7952.0
1061,7956.0
1062,7956.0
1063,7960.0
1064,7960.0
1065,7960.0
1066,7964.0
1067,7972.0
1068,7968.0
1069,7972.0
1070,7972.0
1071,7972.0
1072,7972.0
1073,7972.0
1074,7976.0
1075,7980.0
1076,7980.0
1077,7980.0
1078,7980.0
1079,7980.0
1080,7980.0
1081,7984.0
1082,7984.0
1083,7988.0
1084,7992.0
1085,7992.0
1086,7992.0
1087,7996.0
1088,7996.0
1089,7996.0
1090,7992.0
1091,7996.0
1092,7996.0
1093,7996.0
1094,7996.0
1095,7996.0
1096,8000.0
1097,8004.0
1098,8008.0
1099,8008.0
1100,8012.0
1101,8016.0
1102,8024.0
1103,8024.0
1104,8028.0
1105,8032.0
1106,8032.0
1107,8028.0
1108,8028.0
1109,8024.0
1110,8020.0
1111,8020.0
1112,8012.0
1113,8004.0
1114,8000.0
1115,7988.0
1116,7984.0
1117,7980.0
1118,7972.0
1119,7952.0
1120,7948.0
1121,7936.0
1122,7928.0
1123,7916.0
1124,7912.0
1125,7904.0
1126,7900.0
1127,7896.0
1128,7896.0
1129,7892.0
1130,7888.0
1131,7888.0
1132,7888.0
1133,7888.0
1134,7888.0
1135,7880.0
1136,7880.0
1137,7876.0
1138,7884.0
1139,7876.0
1140,7872.0
1141,7872.0
1142,7868.0
1143,7868.0
1144,7860.0
1145,7864.0
1146,7856.0
1147,7860.0
1148,7852.0
1149,7852.0
1150,7852.0
1151,7852.0
1152,7844.0
1153,7844.0
1154,7844.0
1155,7844.0
1156,7844.0
1157,7836.0
1158,7836.0
1159,7836.0
1160,7836.0
1161,7828.0
1162,7836.0
1163,7828.0
1164,7828.0
1165,7824.0
1166,7816.0
1167,7812.0
1168,7820.0
1169,7816.0
1170,7816.0
1171,7812.0
1172,7804.0
1173,7804.0
1174,7800.0
1175,7800.0
1176,7800.0
1177,7796.0
1178,7788.0
1179,7788.0
1180,7784.0
1181,7788.0
1182,7788.0
1183,7788.0
1184,7784.0
1185,7776.0
1186,7776.0
1187,7772.0
1188,7776.0
1189,7776.0
1190,7776.0
1191,7776.0
1192,7768.0
1193,7772.0
1194,7764.0
1195,7772.0
1196,7768.0
1197,7764.0
1198,7764.0
1199,7764.0
1200,7756.0
1201,7752.0
1202,7760.0
1203,7756.0
1204,7756.0
1205,7752.0
1206,7752.0
1207,7748.0
1208,7752.0
1209,7744.0
1210,7744.0
1211,7740.0
1212,7740.0
1213,7736.0
1214,7736.0
1215,7708.0
1216,7692.0
1217,7672.0
1218,7660.0
1219,7652.0
1220,7648.0
1221,7652.0
1222,7640.0
1223,7640.0
1224,7640.0
1225,7636.0
1226,7636.0
1227,7636.0
1228,7632.0
1229,7636.0
1230,7644.0
1231,7644.0
1232,7644.0
1233,7648.0
1234,7648.0
1235,7652.0
1236,7648.0
1237,7660.0
1238,7656.0
1239,7660.0
1240,7668.0
1241,7668.0
1242,7668.0
1243,7672.0
1244,7676.0
1245,7684.0
1246,7688.0
1247,7692.0
1248,7692.0
1249,7700.0
1250,7704.0
1251,7704.0
1252,7708.0
1253,7716.0
1254,7716.0
1255,7724.0
1256,7728.0
1257,7728.0
1258,7736.0
1259,7736.0
1260,7748.0
1261,7748.0
1262,7756.0
1263,7760.0
1264,7760.0
1265,7764.0
1266,7768.0
1267,7764.0
1268,7776.0
1269,7776.0
1270,7776.0
1271,7776.0
1272,7784.0
1273,7788.0
1274,7788.0
1275,7792.0
1276,7792.0
1277,7800.0
1278,7804.0
1279,7808.0
1280,7808.0
1281,7808.0
1282,7808.0
1283,7808.0
1284,7812.0
1285,7820.0
1286,7816.0
1287,7824.0
1288,7828.0
1289,7832.0
1290,7836.0
1291,7836.0
1292,7836.0
1293,7836.0
1294,7844.0
1295,7844.0
1296,7844.0
1297,7848.0
1298,7852.0
1299,7852.0
1300,7852.0
1301,7856.0
1302,7860.0
1303,7860.0
1304,7864.0
1305,7868.0
1306,7860.0
1307,7864.0
1308,7868.0
1309,7872.0
1310,7872.0
1311,7876.0
1312,7876.0
1313,7876.0
1314,7880.0
1315,7884.0
1316,7896.0
1317,7896.0
1318,7896.0
1319,7896.0
1320,7896.0
1321,7904.0
1322,7900.0
1323,7904.0
1324,7904.0
1325,7908.0
1326,7904.0
1327,7908.0
1328,7912.0
1329,7912.0
1330,7912.0
1331,7912.0
1332,7916.0
1333,7916.0
1334,7920.0
1335,7920.0
1336,7920.0
1337,7928.0
1338,7924.0
1339,7924.0
1340,7928.0
1341,7928.0
1342,7928.0
1343,7928.0
1344,7928.0
1345,7928.0
1346,7932.0
1347,7932.0
1348,7940.0
1349,7940.0
1350,7940.0
1351,7940.0
1352,7944.0
1353,7940.0
1354,7948.0
1355,7948.0
1356,7956.0
1357,7952.0
1358,7952.0
1359,7956.0
1360,7956.0
1361,7960.0
1362,7960.0
1363,7956.0
1364,7960.0
1365,7964.0
1366,7968.0
1367,7972.0
1368,7980.0
1369,7980.0
1370,7992.0
1371,8000.0
1372,8000.0
1373,8004.0
1374,8008.0
1375,8004.0
1376,8008.0
1377,8008.0
1378,8008.0
1379,8008.0
1380,8008.0
1381,8008.0
1382,8008.0
1383,8008.0
1384,8004.0
1385,8000.0
1386,8000.0
1387,8000.0
1388,7992.0
1389,7992.0
1390,7972.0
1391,7968.0
1392,7968.0
1393,7960.0
1394,7960.0
1395,7960.0
1396,7956.0
1397,7956.0
1398,7948.0
1399,7944.0
1400,7944.0
1401,7944.0
1402,7940.0
1403,7940.0
1404,7936.0
1405,7936.0
1406,7932.0
1407,7936.0
1408,7932.0
1409,7928.0
1410,7928.0
1411,7928.0
1412,7924.0
1413,7920.0
1414,7924.0
1415,7920.0
1416,7916.0
1417,7916.0
1418,7916.0
1419,7912.0
1420,7912.0
1421,7908.0
1422,7908.0
1423,7908.0
1424,7908.0
1425,7904.0
1426,7900.0
1427,7908.0
1428,7904.0
1429,7900.0
1430,7900.0
1431,7896.0
1432,7900.0
1433,7888.0
1434,7892.0
1435,7888.0
1436,7880.0
1437,7892.0
1438,7884.0
1439,7884.0
1440,7880.0
1441,7876.0
1442,7876.0
1443,7876.0
1444,7884.0
1445,7880.0
1446,7876.0
1447,7868.0
1448,7868.0
1449,7872.0
1450,7872.0
1451,7868.0
1452,7864.0
1453,7868.0
1454,7856.0
1455,7864.0
1456,7860.0
1457,7868.0
1458,7852.0
1459,7864.0
1460,7864.0
1461,7860.0
1462,7864.0
1463,7860.0
1464,7856.0
1465,7860.0
1466,7852.0
1467,7852.0
1468,7860.0
1469,7852.0
1470,7856.0
1471,7848.0
1472,7852.0
1473,7840.0
1474,7856.0
1475,7848.0
1476,7848.0
1477,7840.0
1478,7840.0
1479,7848.0
1480,7840.0
1481,7848.0
1482,7840.0
1483,7844.0
1484,7824.0
1485,7824.0
1486,7812.0
1487,7792.0
1488,7776.0
1489,7768.0
1490,7764.0
1491,7756.0
1492,7760.0
1493,7760.0
1494,7756.0
1495,7756.0
1496,7760.0
1497,7760.0
1498,7756.0
1499,7760.0
1500,7764.0
1501,7764.0
1502,7768.0
1503,7768.0
1504,7768.0
1505,7768.0
1506,7772.0
1507,7776.0
1508,7772.0
1509,7776.0
1510,7776.0
1511,7784.0
1512,7780.0
1513,7784.0
1514,7780.0
1515,7784.0
1516,7788.0
1517,7788.0
1518,7792.0
1519,7796.0
1520,7796.0
1521,7796.0
1522,7800.0
1523,7800.0
1524,7804.0
1525,7804.0
1526,7808.0
1527,7812.0
1528,7812.0
1529,7816.0
1530,7820.0
1531,7824.0
1532,7820.0
1533,7828.0
1534,7828.0
1535,7832.0
1536,7832.0
1537,7832.0
1538,7836.0
1539,7840.0
1540,7836.0
1541,7844.0
1542,7844.0
1543,7848.0
1544,7848.0
1545,7852.0
1546,7856.0
1547,7856.0
1548,7856.0
1549,7856.0
1550,7860.0
1551,7860.0
1552,7868.0
1553,7868.0
1554,7864.0
1555,7872.0
1556,7872.0
1557,7876.0
1558,7876.0
1559,7876.0
1560,7884.0
1561,7884.0
1562,7888.0
1563,7884.0
1564,7888.0
1565,7892.0
1566,7892.0
1567,7900.0
1568,7900.0
1569,7900.0
1570,7900.0
1571,7904.0
1572,7904.0
1573,7904.0
1574,7908.0
1575,7908.0
1576,7912.0
1577,7912.0
1578,7912.0
1579,7912.0
1580,7916.0
1581,7916.0
1582,7916.0
1583,7916.0
1584,7916.0
1585,7920.0
1586,7924.0
1587,7928.0
1588,7928.0
1589,7928.0
1590,7932.0
1591,7932.0
1592,7932.0
1593,7936.0
1594,7936.0
1595,7940.0
1596,7940.0
1597,7944.0
1598,7944.0
1599,7948.0
1600,7944.0
1601,7940.0
1602,7948.0
1603,7952.0
1604,7948.0
1605,7952.0
1606,7952.0
1607,7956.0
1608,7960.0
1609,7960.0
1610,7960.0
1611,7964.0
1612,7964.0
1613,7964.0
1614,7968.0
1615,7964.0
1616,7968.0
1617,7964.0
1618,7968.0
1619,7968.0
1620,7968.0
1621,7968.0
1622,7972.0
1623,7976.0
1624,7980.0
1625,7976.0
1626,7980.0
1627,7976.0
1628,7976.0
1629,7984.0
1630,7984.0
1631,7980.0
1632,7988.0
1633,7984.0
1634,7984.0
1635,7988.0
1636,7996.0
1637,8000.0
1638,8012.0
1639,8016.0
1640,8020.0
1641,8028.0
1642,8036.0
1643,8036.0
1644,8040.0
1645,8044.0
1646,8048.0
1647,8048.0
1648,8048.0
1649,8048.0
1650,8056.0
1651,8056.0
1652,8056.0
1653,8052.0
1654,8052.0
1655,8056.0
1656,8048.0
1657,8052.0
1658,8048.0
1659,8036.0
1660,8044.0
1661,8040.0
1662,8040.0
1663,8036.0
1664,8040.0
1665,8040.0
1666,8036.0
1667,8032.0
1668,8036.0
1669,8032.0
1670,8028.0
1671,8024.0
1672,8028.0
1673,8028.0
1674,8024.0
1675,8020.0
1676,8020.0
1677,8016.0
1678,8016.0
1679,8008.0
1680,8004.0
1681,8004.0
1682,7996.0
1683,7996.0
1684,7988.0
1685,7992.0
1686,7988.0
1687,7988.0
1688,7984.0
1689,7972.0
1690,7972.0
1691,7968.0
1692,7964.0
1693,7964.0
1694,7964.0
1695,7964.0
1696,7956.0
1697,7956.0
1698,7956.0
1699,7952.0
1700,7956.0
1701,7952.0
1702,7952.0
1703,7948.0
1704,7948.0
1705,7948.0
1706,7948.0
1707,7948.0
1708,7948.0
1709,7948.0
1710,7936.0
1711,7944.0
1712,7944.0
1713,7936.0
1714,7932.0
1715,7932.0
1716,7932.0
1717,7928.0
1718,7928.0
1719,7928.0
1720,7932.0
1721,7924.0
1722,7936.0
1723,7936.0
1724,7928.0
1725,7924.0
1726,7924.0
1727,7924.0
1728,7924.0
1729,7920.0
1730,7920.0
1731,7916.0
1732,7920.0
1733,7920.0
1734,7920.0
1735,7916.0
1736,7916.0
1737,7916.0
1738,7916.0
1739,7912.0
1740,7912.0
1741,7912.0
1742,7916.0
1743,7904.0
1744,7900.0
1745,7904.0
1746,7912.0
1747,7908.0
1748,7912.0
1749,7908.0
1750,7904.0
1751,7908.0
1752,7908.0
1753,7900.0
1754,7908.0
1755,7896.0
1756,7896.0
1757,7888.0
1758,7880.0
1759,7876.0
1760,7856.0
1761,7848.0
1762,7840.0
1763,7832.0
1764,7824.0
1765,7820.0
1766,7820.0
1767,7820.0
1768,7812.0
1769,7808.0
1770,7812.0
1771,7812.0
1772,7812.0
1773,7812.0
1774,7808.0
1775,7812.0
1776,7808.0
1777,7812.0
1778,7812.0
1779,7820.0
1780,7820.0
1781,7816.0
1782,7816.0
1783,7820.0
1784,7816.0
1785,7824.0
1786,7824.0
1787,7824.0
1788,7828.0
1789,7828.0
1790,7836.0
1791,7836.0
1792,7836.0
1793,7836.0
1794,7840.0
1795,7840.0
1796,7844.0
1797,7844.0
1798,7840.0
1799,7844.0
1800,7848.0
1801,7852.0
1802,7844.0
1803,7852.0
1804,7856.0
1805,7856.0
1806,7856.0
1807,7860.0
1808,7864.0
1809,7868.0
1810,7876.0
1811,7872.0
1812,7876.0
1813,7876.0
1814,7880.0
1815,7880.0
1816,7884.0
1817,7888.0
1818,7884.0
1819,7888.0
1820,7892.0
1821,7896.0
1822,7900.0
1823,7900.0
1824,7900.0
1825,7904.0
1826,7904.0
1827,7908.0
1828,7908.0
1829,7912.0
1830,7908.0
1831,7908.0
1832,7912.0
1833,7912.0
1834,7912.0
1835,7916.0
1836,7916.0
1837,7916.0
1838,7920.0
1839,7920.0
1840,7920.0
1841,7924.0
1842,7924.0
1843,7924.0
1844,7928.0
1845,7932.0
1846,7924.0
1847,7936.0
1848,7936.0
1849,7936.0
1850,7936.0
1851,7936.0
1852,7936.0
1853,7944.0
1854,7944.0
1855,7944.0
1856,7944.0
1857,7948.0
1858,7952.0
1859,7948.0
1860,7952.0
1861,7948.0
1862,7952.0
1863,7956.0
1864,7952.0
1865,7956.0
1866,7960.0
1867,7956.0
1868,7960.0
1869,7964.0
1870,7964.0
1871,7964.0
1872,7964.0
1873,7964.0
1874,7968.0
1875,7968.0
1876,7972.0
1877,7972.0
1878,7972.0
1879,7972.0
1880,7976.0
1881,7976.0
1882,7976.0
1883,7976.0
1884,7980.0
1885,7980.0
1886,7984.0
1887,7984.0
1888,7984.0
1889,7984.0
1890,7988.0
1891,7984.0
1892,7984.0
1893,7988.0
1894,7984.0
1895,7984.0
1896,7992.0
1897,7992.0
1898,7992.0
1899,7996.0
1900,7988.0
1901,7992.0
1902,7996.0
1903,7996.0
1904,7996.0
1905,7996.0
1906,8004.0
1907,8012.0
1908,8012.0
1909,8016.0
1910,8016.0
1911,8024.0
1912,8028.0
1913,8032.0
1914,8028.0
1915,8036.0
1916,8036.0
1917,8032.0
1918,8036.0
1919,8036.0
1920,8028.0
1921,8028.0
1922,8024.0
1923,8024.0
1924,8016.0
1925,8016.0
1926,8016.0
1927,8012.0
1928,8008.0
1929,8004.0
1930,7996.0
1931,7992.0
1932,7980.0
1933,7976.0
1934,7968.0
1935,7960.0
1936,7956.0
1937,7952.0
1938,7940.0
1939,7932.0
1940,7928.0
1941,7924.0
1942,7924.0
1943,7924.0
1944,7916.0
1945,7916.0
1946,7904.0
1947,7912.0
1948,7908.0
1949,7904.0
1950,7900.0
1951,7900.0
1952,7892.0
1953,7888.0
1954,7888.0
1955,7888.0
1956,7888.0
1957,7884.0
1958,7876.0
1959,7880.0
1960,7876.0
1961,7872.0
1962,7872.0
1963,7868.0
1964,7864.0
1965,7864.0
1966,7856.0
1967,7860.0
1968,7856.0
1969,7856.0
1970,7852.0
1971,7848.0
1972,7852.0
1973,7844.0
1974,7844.0
1975,7840.0
1976,7832.0
1977,7828.0
1978,7836.0
1979,7828.0
1980,7832.0
1981,7832.0
1982,7824.0
1983,7828.0
1984,7820.0
1985,7820.0
1986,7820.0
1987,7816.0
1988,7812.0
1989,7808.0
1990,7808.0
1991,7796.0
1992,7796.0
1993,7800.0
1994,7796.0
1995,7792.0
1996,7788.0
1997,7792.0
1998,7788.0
1999,7784.0
2000,7788.0
2001,7780.0
2002,7784.0
2003,7780.0
2004,7780.0
2005,7776.0
2006,7780.0
2007,7776.0
2008,7776.0
2009,7780.0
2010,7772.0
2011,7772.0
2012,7772.0
2013,7768.0
2014,7768.0
2015,7772.0
2016,7764.0
2017,7760.0
2018,7760.0
2019,7760.0
2020,7752.0
2021,7756.0
2022,7752.0
2023,7752.0
2024,7748.0
2025,7740.0
2026,7724.0
2027,7708.0
2028,7696.0
2029,7688.0
2030,7684.0
2031,7684.0
2032,7684.0
2033,7680.0
2034,7680.0
2035,7680.0
2036,7680.0
2037,7684.0
2038,7684.0
2039,7688.0
2040,7688.0
2041,7692.0
2042,7692.0
2043,7692.0
2044,7696.0
2045,7700.0
2046,7700.0
2047,7704.0
2048,7708.0
2049,7716.0
2050,7720.0
2051,7720.0
2052,7724.0
2053,7728.0
2054,7732.0
2055,7740.0
2056,7740.0
2057,7744.0
2058,7752.0
2059,7752.0
2060,7760.0
2061,7756.0
2062,7764.0
2063,7768.0
2064,7772.0
2065,7776.0
2066,7776.0
2067,7780.0
2068,7784.0
2069,7784.0
2070,7788.0
2071,7792.0
2072,7792.0
2073,7788.0
2074,7792.0
2075,7800.0
2076,7796.0
2077,7804.0
2078,7804.0
2079,7808.0
2080,7808.0
2081,7812.0
2082,7816.0
2083,7816.0
2084,7820.0
2085,7824.0
2086,7828.0
2087,7836.0
2088,7832.0
2089,7832.0
2090,7836.0
2091,7840.0
2092,7844.0
2093,7840.0
2094,7844.0
2095,7844.0
2096,7844.0
2097,7848.0
2098,7848.0
2099,7852.0
2100,7856.0
2101,7856.0
2102,7856.0
2103,7860.0
2104,7860.0
2105,7860.0
2106,7864.0
2107,7868.0
2108,7868.0
2109,7872.0
2110,7876.0
2111,7876.0
2112,7884.0
2113,7884.0
2114,7884.0
2115,7888.0
2116,7892.0
2117,7896.0
2118,7892.0
2119,7896.0
2120,7900.0
2121,7904.0
2122,7908.0
2123,7908.0
2124,7908.0
2125,7908.0
2126,7912.0
2127,7912.0
2128,7912.0
2129,7912.0
2130,7916.0
2131,7916.0
2132,7916.0
2133,7920.0
2134,7920.0
2135,7920.0
2136,7924.0
2137,7920.0
2138,7928.0
2139,7928.0
2140,7932.0
2141,7932.0
2142,7932.0
2143,7932.0
2144,7936.0
2145,7944.0
2146,7944.0
2147,7944.0
2148,7944.0
2149,7948.0
2150,7944.0
2151,7948.0
2152,7952.0
2153,7952.0
2154,7952.0
2155,7956.0
2156,7956.0
2157,7956.0
2158,7960.0
2159,7964.0
2160,7964.0
2161,7964.0
2162,7964.0
2163,7964.0
2164,7964.0
2165,7968.0
2166,7968.0
2167,7972.0
2168,7968.0
2169,7972.0
2170,7976.0
2171,7976.0
2172,7976.0
2173,7976.0
2174,7976.0
2175,7984.0
2176,7984.0
2177,7988.0
2178,7992.0
2179,8000.0
2180,8004.0
2181,8004.0
2182,8012.0
2183,8012.0
2184,8012.0
2185,8016.0
2186,8012.0
2187,8012.0
2188,8012.0
2189,8008.0
2190,8004.0
2191,8000.0
2192,7988.0
2193,7988.0
2194,7976.0
2195,7972.0
2196,7960.0
2197,7956.0
2198,7956.0
2199,7952.0
2200,7948.0
2201,7944.0
2202,7940.0
2203,7936.0
2204,7928.0
2205,7924.0
2206,7924.0
2207,7920.0
2208,7912.0
2209,7908.0
2210,7900.0
2211,7900.0
2212,7904.0
2213,7896.0
2214,7896.0
2215,7896.0
2216,7896.0
2217,7888.0
2218,7892.0
2219,7884.0
2220,7880.0
2221,7880.0
2222,7876.0
2223,7872.0
2224,7872.0
2225,7868.0
2226,7868.0
2227,7872.0
2228,7864.0
2229,7864.0
2230,7864.0
2231,7860.0
2232,7856.0
2233,7856.0
2234,7852.0
2235,7852.0
2236,7848.0
2237,7844.0
2238,7840.0
2239,7844.0
2240,7840.0
2241,7832.0
2242,7836.0
2243,7836.0
2244,7828.0
2245,7816.0
2246,7824.0
2247,7816.0
2248,7820.0
2249,7816.0
2250,7816.0
2251,7812.0
2252,7812.0
2253,7820.0
2254,7808.0
2255,7804.0
2256,7804.0
2257,7800.0
2258,7796.0
2259,7792.0
2260,7788.0
2261,7792.0
2262,7792.0
2263,7792.0
2264,7788.0
2265,7780.0
2266,7788.0
2267,7788.0
2268,7788.0
2269,7780.0
2270,7784.0
2271,7776.0
2272,7780.0
2273,7780.0
2274,7772.0
2275,7776.0
2276,7772.0
2277,7776.0
2278,7772.0
2279,7764.0
2280,7772.0
2281,7764.0
2282,7760.0
2283,7764.0
2284,7760.0
2285,7760.0
2286,7756.0
2287,7756.0
2288,7752.0
2289,7756.0
2290,7756.0
2291,7752.0
2292,7756.0
2293,7748.0
2294,7748.0
2295,7724.0
2296,7704.0
2297,7688.0
2298,7676.0
2299,7668.0
2300,7660.0
2301,7660.0
2302,7656.0
2303,7652.0
2304,7652.0
2305,7652.0
2306,7664.0
2307,7656.0
2308,7664.0
2309,7668.0
2310,7660.0
2311,7660.0
2312,7664.0
2313,7668.0
2314,7668.0
2315,7672.0
2316,7684.0
2317,7676.0
2318,7680.0
2319,7688.0
2320,7680.0
2321,7684.0
2322,7692.0
2323,7696.0
2324,7696.0
2325,7708.0
2326,7712.0
2327,7716.0
2328,7716.0
2329,7724.0
2330,7724.0
2331,7728.0
2332,7732.0
2333,7744.0
2334,7740.0
2335,7748.0
2336,7752.0
2337,7756.0
2338,7760.0
2339,7764.0
2340,7760.0
2341,7772.0
2342,7776.0
2343,7780.0
2344,7780.0
2345,7784.0
2346,7784.0
2347,7788.0
2348,7788.0
2349,7792.0
2350,7796.0
2351,7800.0
2352,7804.0
2353,7796.0
2354,7808.0
2355,7804.0
2356,7808.0
2357,7820.0
2358,7820.0
2359,7820.0
2360,7820.0
2361,7824.0
2362,7824.0
2363,7828.0
2364,7836.0
2365,7832.0
2366,7836.0
2367,7836.0
2368,7840.0
2369,7840.0
2370,7840.0
2371,7840.0
2372,7848.0
2373,7852.0
2374,7848.0
2375,7852.0
2376,7852.0
2377,7852.0
2378,7856.0
2379,7860.0
2380,7856.0
2381,7860.0
2382,7864.0
2383,7864.0
2384,7868.0
2385,7868.0
2386,7872.0
2387,7876.0
2388,7876.0
2389,7880.0
2390,7880.0
2391,7884.0
2392,7888.0
2393,7892.0
2394,7896.0
2395,7896.0
2396,7900.0
2397,7900.0
2398,7904.0
2399,7908.0
2400,7908.0
2401,7908.0
2402,7908.0
2403,7908.0
2404,7912.0
2405,7912.0
2406,7912.0
2407,7916.0
2408,7920.0
2409,7916.0
2410,7920.0
2411,7924.0
2412,7924.0
2413,7924.0
2414,7924.0
2415,7928.0
2416,7932.0
2417,7932.0
2418,7936.0
2419,7936.0
2420,7936.0
2421,7936.0
2422,7940.0
2423,7940.0
2424,7948.0
2425,7948.0
2426,7948.0
2427,7948.0
2428,7952.0
2429,7956.0
2430,7956.0
2431,7956.0
2432,7960.0
2433,7960.0
2434,7964.0
2435,7960.0
2436,7964.0
2437,7968.0
2438,7964.0
2439,7968.0
2440,7972.0
2441,7972.0
2442,7972.0
2443,7976.0
2444,7976.0
2445,7976.0
2446,7980.0
2447,7980.0
2448,7984.0
2449,7980.0
2450,7980.0
2451,7984.0
2452,7984.0
2453,7984.0
2454,7984.0
2455,7988.0
2456,7988.0
2457,7988.0
2458,7992.0
2459,7988.0
2460,7992.0
2461,7992.0
2462,7992.0
2463,7992.0
2464,7992.0
2465,7992.0
2466,7996.0
2467,7996.0
2468,7996.0
2469,8000.0
2470,8000.0
2471,8000.0
2472,7996.0
2473,7996.0
2474,8000.0
2475,8000.0
2476,8000.0
2477,8000.0
2478,8004.0
2479,8000.0
2480,8004.0
2481,8004.0
2482,8004.0
2483,8008.0
2484,8004.0
2485,8004.0
2486,8008.0
2487,8008.0
2488,8008.0
2489,8008.0
2490,8012.0
2491,8008.0
2492,8012.0
2493,8012.0
2494,8012.0
2495,8012.0
2496,8012.0
2497,8012.0
2498,8012.0
2499,8016.0
2500,8012.0
2501,8016.0
2502,8024.0
2503,8016.0
2504,8020.0
2505,8024.0
2506,8028.0
2507,8028.0
2508,8024.0
2509,8028.0
2510,8020.0
2511,8024.0
2512,8028.0
2513,8028.0
2514,8028.0
2515,8024.0
2516,8028.0
2517,8020.0
2518,8028.0
2519,8028.0
2520,8028.0
2521,8020.0
2522,8024.0
2523,8028.0
2524,8024.0
2525,8028.0
2526,8032.0
2527,8032.0
2528,8032.0
2529,8032.0
2530,8032.0
2531,8032.0
2532,8032.0
2533,8032.0
2534,8032.0
2535,8032.0
2536,8032.0
2537,8036.0
2538,8032.0
2539,8032.0
2540,8032.0
2541,8036.0
2542,8036.0
2543,8032.0
2544,8032.0
2545,8032.0
2546,8032.0
2547,8036.0
2548,8032.0
2549,8036.0
2550,8036.0
2551,8040.0
2552,8036.0
2553,8040.0
2554,8044.0
2555,8036.0
2556,8036.0
2557,8036.0
2558,8032.0
2559,8036.0
2560,8032.0
2561,8032.0
2562,8032.0
2563,8036.0
2564,8028.0
2565,8032.0
2566,8032.0
2567,8032.0
2568,8040.0
2569,8040.0
2570,8032.0
2571,8040.0
2572,8032.0
2573,8040.0
2574,8036.0
2575,8036.0
2576,8032.0
2577,8032.0
2578,8032.0
2579,8036.0
2580,8036.0
2581,8036.0
2582,8032.0
2583,8036.0
2584,8032.0
2585,8032.0
2586,8036.0
2587,8032.0
2588,8036.0
2589,8036.0
2590,8032.0
2591,8032.0
2592,8032.0
2593,8032.0
2594,8032.0
2595,8032.0
2596,8032.0
2597,8040.0
2598,8040.0
2599,8036.0
2600,8036.0
2601,8040.0
2602,8040.0
2603,8036.0
2604,8040.0
2605,8032.0
2606,8032.0
2607,8036.0
2608,8036.0
2609,8040.0
2610,8040.0
2611,8044.0
2612,8040.0
2613,8040.0
2614,8040.0
2615,8036.0
2616,8040.0
2617,8036.0
2618,8036.0
2619,8040.0
2620,8040.0
2621,8036.0
2622,8036.0
2623,8036.0
2624,8036.0
2625,8036.0
2626,8032.0
2627,8036.0
2628,8036.0
2629,8036.0
2630,8036.0
2631,8036.0
2632,8036.0
2633,8036.0
2634,8036.0
2635,8036.0
2636,8036.0
2637,8032.0
2638,8036.0
2639,8036.0
2640,8036.0
2641,8036.0
2642,8036.0
2643,8032.0
2644,8040.0
2645,8036.0
2646,8036.0
2647,8036.0
2648,8036.0
2649,8036.0
2650,8036.0
2651,8036.0
2652,8040.0
2653,8036.0
2654,8036.0
2655,8036.0
2656,8036.0
2657,8036.0
2658,8040.0
2659,8036.0
2660,8036.0
2661,8036.0
2662,8036.0
2663,8036.0
2664,8036.0
2665,8032.0
2666,8036.0
2667,8036.0
2668,8036.0
2669,8036.0
2670,8036.0
2671,8032.0
2672,8036.0
2673,8036.0
2674,8036.0
2675,8036.0
2676,8036.0
2677,8040.0
2678,8040.0
2679,8036.0
2680,8036.0
2681,8040.0
2682,8036.0
2683,8040.0
2684,8036.0
2685,8036.0
2686,8036.0
2687,8036.0
2688,8036.0
2689,8040.0
2690,8040.0
2691,8040.0
2692,8040.0
2693,8036.0
2694,8040.0
2695,8040.0
2696,8040.0
2697,8040.0
2698,8036.0
2699,8040.0
2700,8040.0
2701,8040.0
2702,8040.0
2703,8040.0
2704,8040.0
2705,8040.0
2706,8040.0
2707,8040.0
2708,8040.0
2709,8036.0
2710,8036.0
2711,8040.0
2712,8040.0
2713,8040.0
2714,8040.0
2715,8036.0
2716,8040.0
2717,8040.0
2718,8040.0
2719,8044.0
2720,8040.0
2721,8040.0
2722,8040.0
2723,8040.0
2724,8040.0
2725,8040.0
2726,8040.0
2727,8040.0
2728,8040.0
2729,8040.0
2730,8040.0
2731,8044.0
2732,8040.0
2733,8040.0
2734,8040.0
2735,8040.0
2736,8036.0
2737,8044.0
2738,8036.0
2739,8036.0
2740,8036.0
2741,8040.0
2742,8044.0
2743,8040.0
2744,8036.0
2745,8040.0
2746,8040.0
2747,8040.0
2748,8040.0
2749,8040.0
2750,8036.0
2751,8036.0
2752,8040.0
2753,8040.0
2754,8044.0
2755,8044.0
2756,8040.0
2757,8040.0
2758,8040.0
2759,8040.0
2760,8040.0
2761,8040.0
2762,8040.0
2763,8040.0
2764,8040.0
2765,8040.0
2766,8040.0
2767,8044.0
2768,8040.0
2769,8040.0
2770,8040.0
2771,8040.0
2772,8040.0
2773,8044.0
2774,8040.0
2775,8040.0
2776,8040.0
2777,8044.0
2778,8040.0
2779,8044.0
2780,8040.0
2781,8040.0
2782,8044.0
2783,8040.0
2784,8044.0
2785,8044.0
2786,8040.0
2787,8044.0
2788,8044.0
2789,8044.0
2790,8044.0
2791,8040.0
2792,8044.0
2793,8044.0
2794,8044.0
2795,8044.0
2796,8048.0
2797,8044.0
2798,8048.0
2799,8040.0
2800,8040.0
2801,8044.0
2802,8044.0
2803,8040.0
2804,8040.0
2805,8040.0
2806,8040.0
2807,8040.0
2808,8036.0
2809,8040.0
2810,8040.0
2811,8036.0
2812,8040.0
2813,8040.0
2814,8040.0
2815,8044.0
2816,8040.0
2817,8040.0
2818,8040.0
2819,8040.0
2820,8044.0
2821,8040.0
2822,8040.0
2823,8044.0
2824,8040.0
2825,8040.0
2826,8044.0
2827,8044.0
2828,8040.0
2829,8040.0
2830,8040.0
2831,8040.0
2832,8044.0
2833,8044.0
2834,8040.0
2835,8048.0
2836,8040.0
2837,8040.0
2838,8044.0
2839,8040.0
2840,8048.0
2841,8048.0
2842,8044.0
2843,8044.0
2844,8048.0
2845,8044.0
2846,8048.0
2847,8048.0
2848,8048.0
2849,8040.0
2850,8044.0
2851,8048.0
2852,8052.0
2853,8048.0
2854,8044.0
2855,8044.0
2856,8040.0
2857,8048.0
2858,8044.0
2859,8048.0
2860,8044.0
2861,8048.0
2862,8044.0
2863,8044.0
2864,8048.0
2865,8048.0
2866,8044.0
2867,8044.0
2868,8044.0
2869,8044.0
2870,8048.0
2871,8048.0
2872,8044.0
2873,8044.0
2874,8044.0
2875,8044.0
2876,8052.0
2877,8044.0
2878,8048.0
2879,8052.0
2880,8044.0
2881,8044.0
2882,8044.0
2883,8044.0
2884,8048.0
2885,8044.0
2886,8044.0
2887,8044.0
2888,8044.0
2889,8048.0
2890,8044.0
2891,8048.0
2892,8048.0
2893,8048.0
2894,8048.0
2895,8048.0
2896,8048.0
2897,8052.0
2898,8048.0
2899,8048.0
2900,8044.0
2901,8044.0
2902,8044.0
2903,8044.0
2904,8048.0
2905,8048.0
2906,8044.0
2907,8052.0
2908,8044.0
2909,8044.0
2910,8048.0
2911,8044.0
2912,8048.0
2913,8048.0
2914,8044.0
2915,8044.0
2916,8044.0
2917,8044.0
2918,8044.0
2919,8044.0
2920,8048.0
2921,8044.0
2922,8044.0
2923,8048.0
2924,8044.0
2925,8048.0
2926,8044.0
2927,8048.0
2928,8044.0
2929,8048.0
2930,8044.0
2931,8044.0
2932,8044.0
2933,8048.0
2934,8044.0
2935,8048.0
2936,8048.0
2937,8044.0
2938,8048.0
2939,8048.0
2940,8048.0
2941,8048.0
2942,8044.0
2943,8044.0
2944,8044.0
2945,8044.0
2946,8040.0
2947,8044.0
2948,8048.0
2949,8048.0
2950,8044.0
2951,8044.0
2952,8044.0
2953,8048.0
2954,8044.0
2955,8048.0
2956,8048.0
2957,8048.0
2958,8048.0
2959,8044.0
2960,8048.0
2961,8044.0
2962,8044.0
2963,8048.0
2964,8048.0
2965,8048.0
2966,8048.0
2967,8048.0
2968,8048.0
2969,8052.0
2970,8048.0
2971,8044.0
2972,8044.0
2973,8044.0
2974,8048.0
2975,8048.0
2976,8048.0
2977,8044.0
2978,8048.0
2979,8048.0
2980,8044.0
2981,8044.0
2982,8048.0
2983,8048.0
2984,8044.0
2985,8048.0
2986,8048.0
2987,8044.0
2988,8048.0
2989,8048.0
2990,8048.0
2991,8048.0
2992,8048.0
2993,8048.0
