Time,T1,T2,T3,T4,T5,T6,T7,T8,Disp,Speed
1,2686,2734,2799,2751,2550,2815,2663,2621,8085,0
2,2692,2734,2803,2751,2556,2820,2663,2621,8090,0
3,2680,2728,2792,2746,2546,2815,2657,2627,8089,0
4,2686,2734,2792,2751,2550,2820,2669,2640,8095,0
5,2692,2740,2799,2757,2562,2820,2669,2634,8081,0
6,2698,2746,2803,2763,2562,2826,2675,2634,8084,0
7,2698,2746,2803,2769,2562,2826,2675,2627,8088,0
8,2702,2746,2809,2769,2569,2832,2680,2646,8097,0
9,2702,2746,2803,2769,2569,2832,2680,2646,8092,0
10,2698,2746,2803,2763,2562,2826,2675,2627,8087,0
11,2692,2740,2799,2757,2556,2820,2669,2621,8092,0
12,2686,2728,2786,2751,2550,2820,2663,2627,8091,0
13,2686,2734,2792,2751,2550,2820,2669,2627,8095,0
14,2686,2721,2780,2746,2546,2815,2663,2634,8095,0
15,2692,2728,2786,2757,2550,2826,2669,2634,8093,0
16,2692,2734,2786,2751,2550,2826,2675,2640,8095,0
17,2692,2721,2780,2746,2546,2820,2669,2621,8092,0
18,2686,2728,2780,2751,2550,2826,2669,2640,8094,0
19,2686,2728,2786,2751,2546,2826,2680,2634,8093,0
20,2686,2721,2774,2740,2546,2820,2675,2627,8093,0
21,2692,2721,2780,2746,2546,2826,2675,2627,8087,0
22,2692,2728,2780,2751,2550,2832,2680,2640,8095,0
23,2692,2728,2786,2751,2550,2832,2686,2640,8084,0
24,2692,2728,2786,2751,2550,2832,2686,2640,8095,0
25,2692,2728,2786,2751,2550,2832,2686,2650,8087,0
26,2698,2740,2815,2757,2556,2836,2692,2634,8108,5000
27,2709,2746,2909,2769,2562,2836,2692,2692,8108,5000
28,2702,2746,2999,2769,2562,2843,2692,2650,8115,5000
29,2702,2751,3060,2769,2550,2836,2686,2646,8106,5000
30,2702,2746,3121,2769,2550,2836,2680,2634,8109,5000
31,2698,2746,3181,2763,2546,2836,2675,2627,8104,5000
32,2702,2757,3240,2774,2546,2836,2675,2627,8115,5000
33,2702,2757,3298,2774,2539,2836,2675,2621,8103,5000
34,2715,2769,3357,2786,2546,2843,2680,2627,8105,5000
35,2715,2774,3403,2799,2546,2849,2686,2634,8108,5000
36,2715,2774,3457,2799,2546,2849,2675,2621,8098,5000
37,2721,2780,3499,2809,2539,2849,2680,2627,8100,5000
38,2721,2792,3545,2820,2546,2853,2680,2640,8106,5000
39,2728,2792,3587,2832,2546,2853,2680,2640,8089,5000
40,2734,2809,3626,2843,2539,2859,2680,2634,8091,5000
41,2734,2815,3670,2853,2539,2863,2680,2640,8077,5000
42,2746,2815,3704,2863,2546,2863,2680,2634,8082,5000
43,2751,2826,3739,2882,2546,2870,2680,2634,8074,5000
44,2757,2832,3775,2886,2546,2876,2680,2627,8077,5000
45,2763,2832,3810,2899,2546,2876,2686,2646,8075,5000
46,2763,2836,3846,2916,2539,2882,2686,2640,8070,5000
47,2769,2836,3875,2924,2546,2886,2686,2646,8066,5000
48,2780,2843,3902,2941,2546,2886,2686,2646,8059,5000
49,2786,2853,3934,2955,2539,2893,2686,2634,8065,5000
50,2786,2853,3963,2974,2546,2899,2686,2646,8053,5000
51,2799,2859,3980,2978,2539,2899,2686,2646,8048,5000
52,2803,2863,4009,2999,2539,2905,2686,2650,8053,5000
53,2803,2870,4028,3010,2546,2905,2686,2640,8036,5000
54,2815,2876,4063,3024,2546,2916,2692,2640,8032,5000
55,2820,2882,4086,3043,2546,2916,2686,2657,8037,5000
56,2826,2886,4099,3060,2546,2924,2686,2646,8032,5000
57,2836,2899,4120,3070,2539,2916,2686,2650,8031,5000
58,2836,2899,4143,3081,2546,2924,2686,2646,8015,5000
59,2843,2893,4160,3087,2539,2930,2686,2646,8023,5000
60,2853,2909,4176,3110,2546,2941,2692,2650,8024,5000
61,2863,2909,4193,3116,2546,2941,2692,2646,8016,5000
62,2863,2916,4203,3127,2546,2949,2692,2650,8004,5000
63,2870,2924,4222,3139,2539,2949,2686,2650,8000,5000
64,2876,2916,4233,3146,2539,2955,2686,2650,8003,5000
65,2886,2930,4262,3162,2546,2966,2692,2650,8006,5000
66,2886,2935,4262,3169,2539,2966,2692,2646,7997,5000
67,2905,2935,4293,3181,2546,2978,2692,2663,7991,5000
68,2905,2935,4293,3187,2533,2974,2692,2650,7992,5000
69,2916,2941,4310,3198,2546,2978,2698,2650,7988,5000
70,2924,2941,4321,3210,2546,2991,2692,2657,7991,5000
71,2930,2949,4333,3227,2546,2991,2692,2657,7982,5000
72,2930,2955,4339,3227,2539,2991,2692,2657,7978,5000
73,2949,2960,4362,3246,2546,3004,2698,2657,7978,5000
74,2955,2960,4362,3256,2546,3010,2698,2669,7971,5000
75,2949,2960,4375,3256,2539,3010,2686,2657,7965,5000
76,2966,2974,4381,3275,2539,3020,2692,2669,7963,5000
77,2974,2966,4392,3286,2546,3024,2698,2657,7963,5000
78,2978,2974,4404,3292,2546,3031,2698,2657,7956,5000
79,2978,2974,4404,3292,2533,3024,2692,2646,7948,5000
80,2985,2974,4415,3302,2539,3024,2686,2650,7954,5000
81,2999,2978,4427,3315,2539,3037,2698,2663,7935,5000
82,3004,2978,4433,3328,2539,3043,2692,2657,7948,5000
83,3010,2985,4446,3334,2539,3047,2692,2657,7943,5000
84,3014,2991,4450,3340,2539,3047,2698,2650,7934,5000
85,3020,2985,4463,3346,2539,3054,2692,2650,7941,5000
86,3024,2991,4463,3351,2539,3060,2692,2646,7934,5000
87,3024,2991,4479,3357,2539,3064,2698,2650,7935,5000
88,3031,3004,4486,3363,2539,3075,2698,2650,7932,5000
89,3043,2999,4492,3369,2539,3075,2692,2650,7925,5000
90,3047,3004,4498,3386,2546,3087,2702,2669,7923,5000
91,3054,3014,4509,3392,2539,3087,2698,2663,7921,5000
92,3064,3014,4504,3392,2539,3093,2698,2657,7919,5000
93,3064,3010,4509,3403,2539,3098,2698,2657,7915,5000
94,3070,3020,4521,3409,2539,3110,2686,2657,7913,5000
95,3081,3014,4525,3409,2539,3104,2698,2657,7897,5000
96,3087,3014,4525,3415,2539,3110,2698,2657,7912,5000
97,3093,3020,4536,3422,2539,3121,2698,2650,7912,5000
98,3098,3014,4532,3428,2539,3127,2698,2657,7906,5000
99,3098,3020,4536,3434,2539,3127,2698,2663,7898,5000
100,3104,3024,4542,3440,2539,3127,2702,2657,7898,5000
101,3110,3014,4542,3440,2539,3133,2698,2663,7899,5000
102,3121,3031,4553,3451,2546,3146,2702,2657,7894,5000
103,3116,3020,4548,3451,2539,3146,2698,2646,7891,5000
104,3127,3024,4548,3451,2539,3146,2698,2657,7890,5000
105,3127,3024,4542,3463,2539,3156,2698,2657,7895,5000
106,3133,3024,4553,3463,2539,3150,2698,2657,7880,5000
107,3139,3031,4553,3463,2539,3156,2698,2657,7881,5000
108,3139,3031,4553,3468,2539,3162,2698,2657,7887,5000
109,3146,3024,4553,3480,2539,3169,2698,2663,7880,5000
110,3156,3037,4559,3486,2539,3187,2702,2657,7874,5000
111,3156,3031,4553,3480,2533,3175,2686,2650,7885,5000
112,3162,3037,4565,3493,2539,3181,2702,2657,7873,5000
113,3175,3031,4565,3499,2539,3187,2702,2663,7873,5000
114,3175,3037,4571,3503,2546,3192,2702,2650,7878,5000
115,3175,3031,4571,3499,2539,3198,2698,2650,7878,5000
116,3187,3037,4571,3509,2546,3198,2702,2663,7877,5000
117,3187,3037,4571,3503,2539,3198,2698,2657,7874,5000
118,3187,3037,4571,3503,2539,3204,2698,2669,7859,5000
119,3198,3047,4582,3516,2539,3221,2692,2657,7873,5000
120,3210,3054,4586,3528,2550,3221,2698,2663,7865,5000
121,3210,3060,4586,3528,2550,3221,2698,2657,7868,5000
122,3210,3060,4586,3528,2550,3227,2698,2663,7863,5000
123,3210,3047,4576,3522,2546,3215,2686,2650,7863,5000
124,3215,3047,4582,3528,2546,3221,2692,2650,7852,5000
125,3215,3060,4586,3528,2539,3221,2692,2657,7863,5000
126,3221,3054,4586,3532,2539,3227,2692,2663,7860,5000
127,3221,3047,4586,3528,2546,3227,2692,2646,7859,5000
128,3221,3054,4586,3532,2539,3240,2692,2650,7860,5000
129,3233,3054,4592,3532,2539,3240,2692,2657,7869,5000
130,3233,3060,4586,3539,2539,3246,2692,2657,7860,5000
131,3233,3054,4586,3539,2539,3246,2692,2650,7859,5000
132,3240,3047,4592,3539,2539,3250,2692,2650,7849,5000
133,3246,3054,4599,3545,2539,3250,2692,2650,7855,5000
134,3246,3054,4603,3551,2539,3256,2692,2657,7847,5000
135,3250,3054,4599,3551,2539,3263,2692,2646,7853,5000
136,3250,3054,4603,3555,2539,3263,2692,2657,7856,5000
137,3256,3060,4603,3555,2533,3263,2692,2650,7852,5000
138,3256,3054,4603,3562,2533,3269,2692,2650,7860,5000
139,3269,3060,4609,3562,2539,3275,2692,2657,7847,5000
140,3263,3060,4609,3568,2539,3286,2692,2657,7854,5000
141,3275,3075,4615,3574,2539,3279,2698,2669,7842,5000
142,3279,3070,4622,3574,2539,3298,2698,2663,7850,5000
143,3279,3064,4622,3581,2539,3292,2709,2657,7846,5000
144,3275,3070,4622,3574,2533,3286,2692,2650,7843,5000
145,3292,3075,4634,3587,2546,3298,2698,2663,7851,5000
146,3286,3070,4603,3581,2533,3321,2692,2657,7817,0
147,3292,3070,4509,3587,2539,3334,2698,2663,7803,0
148,3292,3060,4387,3568,2539,3328,2692,2650,7793,0
149,3286,3054,4293,3568,2539,3340,2702,2669,7786,0
150,3286,3043,4203,3568,2539,3340,2702,2663,7782,0
151,3292,3037,4137,3562,2546,3346,2709,2663,7777,0
152,3292,3031,4057,3555,2546,3351,2709,2669,7781,0
153,3292,3024,3992,3551,2539,3351,2709,2663,7778,0
154,3279,3014,3928,3539,2539,3351,2709,2657,7770,0
155,3279,3010,3869,3532,2539,3351,2709,2657,7766,0
156,3275,3004,3821,3522,2539,3357,2709,2663,7773,0
157,3275,2978,3775,3509,2539,3351,2709,2663,7771,0
158,3275,2974,3733,3499,2539,3351,2709,2663,7769,0
159,3263,2974,3693,3480,2539,3357,2709,2663,7760,0
160,3269,2966,3654,3468,2546,3357,2709,2663,7763,0
161,3263,2960,3626,3463,2539,3363,2709,2669,7762,0
162,3256,2955,3593,3451,2539,3363,2698,2663,7776,0
163,3256,2941,3562,3440,2546,3363,2709,2657,7769,0
164,3256,2941,3532,3428,2546,3363,2709,2657,7759,0
165,3246,2930,3503,3403,2539,3363,2702,2657,7766,0
166,3240,2924,3474,3392,2539,3363,2702,2663,7775,0
167,3246,2924,3457,3386,2546,3363,2709,2650,7771,0
168,3240,2924,3440,3374,2546,3363,2709,2669,7777,0
169,3233,2909,3409,3357,2539,3363,2702,2650,7779,0
170,3227,2905,3392,3346,2546,3357,2702,2663,7784,0
171,3227,2899,3374,3334,2546,3351,2702,2650,7792,0
172,3221,2899,3357,3321,2546,3357,2702,2650,7784,0
173,3215,2886,3340,3315,2539,3357,2702,2650,7780,0
174,3215,2893,3328,3302,2546,3357,2709,2650,7785,0
175,3210,2893,3309,3292,2546,3357,2709,2663,7794,0
176,3210,2886,3298,3275,2546,3351,2709,2663,7804,0
177,3204,2882,3286,3269,2546,3351,2709,2663,7799,0
178,3198,2882,3263,3256,2546,3357,2709,2657,7800,0
179,3198,2870,3250,3246,2546,3357,2709,2657,7807,0
180,3187,2870,3233,3227,2539,3351,2709,2657,7810,0
181,3187,2870,3221,3221,2546,3346,2709,2663,7799,0
182,3181,2863,3215,3210,2546,3346,2702,2657,7807,0
183,3181,2863,3204,3204,2539,3346,2709,2657,7809,0
184,3175,2859,3192,3198,2546,3346,2709,2669,7815,0
185,3169,2849,3175,3181,2539,3334,2702,2650,7824,0
186,3162,2853,3169,3175,2539,3334,2702,2657,7821,0
187,3162,2849,3162,3169,2539,3334,2702,2657,7827,0
188,3162,2849,3150,3156,2539,3328,2702,2646,7818,0
189,3156,2849,3146,3156,2546,3328,2709,2650,7825,0
190,3150,2843,3139,3146,2546,3328,2702,2669,7825,0
191,3150,2849,3127,3139,2546,3321,2709,2650,7842,0
192,3150,2836,3121,3133,2546,3321,2709,2657,7835,0
193,3146,2836,3116,3127,2546,3315,2709,2657,7841,0
194,3139,2836,3104,3121,2546,3315,2709,2663,7845,0
195,3133,2832,3098,3110,2539,3302,2698,2640,7846,0
196,3127,2832,3093,3104,2539,3302,2698,2640,7841,0
197,3127,2832,3087,3098,2546,3302,2698,2646,7863,0
198,3127,2832,3081,3093,2539,3298,2702,2650,7854,0
199,3116,2826,3075,3087,2539,3298,2702,2646,7861,0
200,3116,2832,3060,3081,2546,3292,2702,2650,7864,0
201,3116,2826,3054,3075,2546,3292,2698,2650,7854,0
202,3110,2826,3047,3070,2546,3286,2702,2650,7868,0
203,3104,2832,3043,3060,2546,3286,2698,2650,7871,0
204,3104,2826,3037,3054,2546,3286,2702,2646,7872,0
205,3098,2815,3031,3047,2546,3279,2702,2646,7869,0
206,3093,2832,3031,3043,2546,3279,2702,2646,7874,0
207,3093,2820,3024,3043,2546,3275,2698,2650,7880,0
208,3093,2820,3020,3037,2550,3275,2702,2663,7875,0
209,3093,2826,3020,3031,2550,3275,2702,2657,7890,0
210,3081,2809,3010,3024,2539,3263,2698,2640,7889,0
211,3081,2815,3004,3020,2539,3263,2698,2634,7890,0
212,3075,2815,3004,3020,2546,3263,2698,2646,7899,0
213,3075,2815,2999,3010,2546,3250,2698,2640,7901,0
214,3070,2809,2999,3010,2546,3246,2698,2657,7895,0
215,3070,2809,2991,3010,2546,3246,2698,2650,7894,0
216,3070,2803,2985,3004,2546,3246,2702,2640,7902,0
217,3064,2803,2985,3004,2550,3240,2702,2640,7902,0
218,3054,2799,2978,2999,2550,3240,2698,2646,7904,0
219,3054,2803,2978,2991,2550,3240,2702,2640,7914,0
220,3054,2809,2974,2991,2550,3233,2702,2646,7918,0
221,3047,2803,2966,2985,2550,3233,2698,2640,7921,0
222,3043,2803,2966,2978,2550,3227,2702,2646,7921,0
223,3043,2803,2960,2978,2550,3221,2698,2640,7927,0
224,3031,2799,2955,2966,2546,3221,2698,2634,7920,0
225,3031,2792,2949,2966,2539,3215,2698,2640,7924,0
226,3031,2792,2949,2966,2546,3215,2698,2634,7927,0
227,3024,2799,2941,2960,2546,3210,2698,2640,7926,0
228,3024,2803,2949,2960,2550,3215,2702,2634,7935,0
229,3024,2803,2941,2960,2550,3215,2702,2640,7929,0
230,3020,2799,2935,2949,2546,3204,2698,2634,7938,0
231,3014,2792,2935,2949,2546,3198,2698,2634,7947,0
232,3014,2792,2930,2949,2546,3198,2698,2634,7938,0
233,3014,2786,2930,2941,2546,3192,2698,2657,7944,0
234,3010,2792,2924,2941,2546,3192,2698,2640,7949,0
235,3010,2792,2924,2941,2550,3187,2698,2634,7954,0
236,3010,2792,2916,2935,2546,3187,2698,2634,7948,0
237,3004,2792,2916,2930,2550,3181,2698,2634,7960,0
238,2999,2786,2916,2930,2550,3181,2698,2634,7960,0
239,2991,2792,2909,2930,2550,3175,2698,2640,7957,0
240,2991,2786,2909,2924,2550,3175,2698,2640,7966,0
241,2991,2786,2905,2916,2550,3169,2698,2634,7965,0
242,2991,2786,2905,2924,2550,3169,2698,2634,7961,0
243,2985,2780,2899,2916,2550,3169,2698,2634,7971,0
244,2985,2780,2899,2909,2546,3169,2698,2634,7971,0
245,2978,2780,2899,2909,2550,3162,2702,2634,7967,0
246,2974,2780,2899,2909,2550,3156,2698,2640,7984,0
247,2978,2786,2893,2905,2550,3156,2698,2634,7978,0
248,2974,2780,2893,2909,2550,3150,2698,2640,7983,0
249,2966,2780,2893,2905,2550,3150,2698,2627,7973,0
250,2966,2774,2886,2899,2546,3146,2692,2627,7981,0
251,2960,2774,2882,2899,2546,3139,2698,2627,7988,0
252,2955,2774,2882,2893,2546,3139,2692,2627,7987,0
253,2955,2774,2876,2893,2546,3139,2692,2621,7987,0
254,2960,2780,2882,2893,2550,3139,2698,2627,7983,0
255,2955,2780,2882,2893,2556,3133,2698,2640,7996,0
256,2949,2774,2876,2886,2546,3127,2698,2621,7990,0
257,2955,2774,2876,2893,2556,3133,2698,2650,7985,0
258,2949,2774,2876,2886,2550,3127,2702,2634,7997,0
259,2941,2774,2870,2882,2550,3121,2698,2634,7993,0
260,2935,2769,2863,2882,2546,3116,2692,2627,7995,0
261,2941,2774,2870,2882,2556,3121,2698,2634,7993,0
262,2935,2769,2863,2876,2550,3116,2692,2627,8000,0
263,2935,2769,2863,2870,2550,3110,2698,2627,8001,0
264,2930,2763,2863,2876,2546,3110,2698,2627,8006,0
265,2924,2774,2859,2870,2550,3110,2698,2627,8006,0
266,2924,2763,2859,2870,2550,3104,2698,2634,8002,0
267,2924,2769,2859,2870,2550,3104,2698,2634,8006,0
268,2916,2769,2859,2863,2550,3104,2698,2627,8005,0
269,2916,2763,2853,2863,2550,3098,2698,2621,8014,0
270,2916,2763,2853,2863,2550,3098,2698,2634,8015,0
271,2909,2763,2853,2863,2550,3098,2698,2627,8011,0
272,2909,2763,2853,2859,2550,3093,2698,2627,8007,0
273,2909,2763,2853,2863,2550,3093,2698,2627,8029,0
274,2909,2763,2853,2863,2550,3093,2698,2634,8012,0
275,2909,2763,2849,2859,2550,3087,2698,2627,8018,0
276,2905,2763,2853,2859,2550,3087,2698,2627,8025,0
277,2905,2763,2849,2859,2550,3081,2698,2621,8022,0
278,2899,2763,2843,2853,2550,3081,2698,2627,8027,0
279,2899,2757,2849,2853,2550,3075,2698,2634,8026,0
280,2899,2763,2849,2853,2550,3075,2698,2627,8029,0
281,2893,2763,2843,2853,2550,3075,2698,2627,8037,0
282,2893,2763,2849,2853,2550,3070,2698,2627,8022,0
283,2893,2769,2853,2859,2556,3075,2702,2627,8025,0
284,2893,2769,2849,2853,2556,3075,2702,2634,8031,0
285,2893,2763,2843,2849,2550,3064,2692,2627,8029,0
286,2886,2763,2843,2849,2550,3060,2698,2627,8027,0
287,2886,2763,2843,2849,2550,3060,2698,2627,8036,0
288,2882,2763,2836,2849,2550,3060,2692,2627,8038,0
289,2876,2757,2836,2843,2550,3060,2698,2621,8044,0
290,2876,2763,2843,2843,2550,3054,2698,2627,8033,0
291,2876,2763,2836,2843,2550,3054,2698,2621,8038,0
292,2876,2763,2836,2843,2550,3054,2698,2640,8042,0
293,2870,2763,2836,2843,2550,3043,2698,2634,8039,0
294,2870,2763,2836,2836,2550,3043,2698,2627,8042,0
295,2870,2763,2836,2836,2550,3037,2698,2627,8035,0
296,2863,2763,2843,2836,2550,3043,2698,2634,8045,1000
297,2863,2757,2870,2836,2550,3037,2698,2634,8058,1000
298,2863,2757,2905,2836,2550,3037,2698,2640,8052,1000
299,2863,2763,2935,2836,2550,3037,2698,2640,8067,1000
300,2863,2763,2966,2836,2550,3037,2698,2627,8068,1000
301,2863,2769,2999,2836,2550,3037,2698,2621,8068,1000
302,2863,2769,3024,2843,2550,3037,2698,2640,8067,1000
303,2863,2769,3043,2843,2550,3031,2698,2621,8053,1000
304,2863,2774,3070,2849,2550,3031,2698,2627,8068,1000
305,2863,2774,3093,2849,2550,3031,2698,2627,8064,1000
306,2863,2774,3104,2849,2550,3024,2698,2627,8067,1000
307,2863,2780,3127,2853,2550,3024,2698,2640,8070,1000
308,2859,2780,3139,2853,2550,3024,2698,2634,8075,1000
309,2863,2786,3156,2859,2550,3024,2698,2627,8068,1000
310,2863,2786,3169,2859,2550,3020,2698,2634,8068,1000
311,2859,2786,3181,2863,2550,3020,2698,2634,8072,1000
312,2863,2792,3192,2870,2550,3024,2698,2634,8069,1000
313,2863,2792,3210,2870,2550,3020,2698,2627,8063,1000
314,2863,2792,3221,2876,2550,3024,2698,2627,8073,1000
315,2863,2799,3233,2876,2550,3020,2698,2634,8060,1000
316,2863,2799,3240,2882,2550,3020,2698,2627,8068,1000
317,2863,2799,3256,2882,2550,3020,2698,2634,8063,1000
318,2863,2803,3269,2886,2550,3020,2698,2634,8067,1000
319,2870,2799,3279,2893,2550,3020,2698,2634,8075,1000
320,2863,2809,3286,2899,2546,3014,2702,2634,8068,1000
321,2863,2809,3292,2899,2550,3020,2698,2627,8057,1000
322,2870,2809,3298,2905,2550,3014,2698,2627,8056,1000
323,2870,2809,3302,2909,2550,3014,2698,2634,8067,1000
324,2870,2815,3315,2909,2550,3014,2698,2640,8057,1000
325,2870,2809,3321,2916,2550,3014,2698,2640,8072,1000
326,2870,2815,3328,2924,2550,3014,2698,2640,8061,1000
327,2870,2809,3334,2924,2550,3014,2698,2634,8058,1000
328,2876,2820,3340,2930,2550,3014,2698,2646,8065,1000
329,2876,2820,3351,2935,2550,3014,2698,2640,8052,1000
330,2870,2815,3357,2935,2550,3014,2698,2634,8050,1000
331,2870,2815,3357,2941,2550,3014,2698,2627,8062,1000
332,2870,2820,3363,2941,2550,3014,2698,2627,8054,1000
333,2870,2820,3369,2949,2550,3020,2698,2621,8050,1000
334,2876,2820,3374,2955,2550,3014,2702,2627,8056,1000
335,2882,2820,3380,2960,2550,3014,2698,2634,8051,1000
336,2876,2820,3386,2960,2550,3014,2702,2634,8056,1000
337,2882,2826,3386,2960,2546,3014,2698,2634,8056,1000
338,2876,2826,3392,2966,2550,3014,2698,2627,8052,1000
339,2876,2826,3399,2966,2550,3014,2698,2634,8052,1000
340,2882,2820,3403,2974,2546,3014,2698,2634,8045,1000
341,2882,2826,3409,2978,2556,3020,2702,2627,8048,1000
342,2882,2832,3415,2978,2556,3014,2702,2634,8053,1000
343,2882,2832,3415,2985,2550,3020,2702,2634,8044,1000
344,2882,2832,3422,2985,2556,3020,2702,2634,8053,1000
345,2882,2826,3422,2991,2550,3020,2702,2634,8041,1000
346,2882,2832,3428,2991,2550,3020,2702,2634,8045,1000
347,2886,2826,3428,2991,2550,3020,2702,2627,8039,1000
348,2886,2820,3428,2999,2550,3020,2702,2627,8048,1000
349,2886,2826,3434,2999,2550,3020,2702,2627,8042,1000
350,2886,2826,3434,2999,2550,3020,2702,2634,8044,1000
351,2886,2820,3434,2999,2550,3014,2698,2627,8046,1000
352,2893,2832,3440,3004,2550,3020,2702,2627,8036,1000
353,2893,2826,3445,3004,2550,3020,2702,2621,8046,1000
354,2886,2815,3440,3004,2550,3020,2698,2615,8039,1000
355,2886,2826,3451,3004,2546,3020,2698,2621,8038,1000
356,2893,2820,3451,3004,2546,3020,2698,2615,8037,1000
357,2893,2820,3451,3010,2550,3020,2698,2615,8036,1000
358,2893,2820,3457,3014,2550,3020,2698,2615,8037,1000
359,2893,2820,3451,3010,2550,3024,2702,2621,8041,1000
360,2899,2826,3457,3014,2550,3020,2698,2621,8036,1000
361,2899,2820,3463,3020,2550,3024,2698,2621,8039,1000
362,2899,2826,3457,3020,2550,3024,2698,2621,8031,1000
363,2893,2820,3457,3014,2546,3020,2698,2608,8033,1000
364,2899,2826,3468,3024,2550,3024,2702,2615,8037,1000
365,2905,2826,3468,3020,2550,3024,2702,2615,8031,1000
366,2899,2820,3463,3020,2546,3020,2698,2608,8031,1000
367,2899,2820,3463,3020,2550,3024,2698,2615,8036,1000
368,2905,2826,3474,3031,2556,3031,2702,2621,8027,1000
369,2899,2820,3468,3024,2546,3024,2698,2627,8026,1000
370,2899,2815,3468,3024,2550,3024,2702,2615,8034,1000
371,2899,2826,3474,3031,2550,3024,2698,2615,8027,1000
372,2905,2820,3468,3031,2550,3024,2698,2615,8031,1000
373,2905,2820,3468,3031,2550,3031,2702,2615,8028,1000
374,2899,2826,3474,3031,2550,3031,2702,2608,8035,1000
375,2905,2820,3474,3031,2550,3031,2698,2621,8036,1000
376,2905,2826,3480,3037,2550,3031,2702,2615,8038,1000
377,2905,2832,3480,3037,2550,3031,2702,2621,8012,1000
378,2909,2832,3480,3037,2550,3031,2702,2615,8032,1000
379,2909,2826,3480,3037,2550,3031,2702,2615,8021,1000
380,2909,2826,3480,3047,2550,3037,2702,2615,8023,1000
381,2909,2826,3480,3037,2550,3031,2698,2608,8026,1000
382,2909,2832,3486,3047,2550,3031,2702,2608,8034,1000
383,2916,2826,3486,3047,2550,3037,2702,2615,8026,1000
384,2916,2826,3480,3047,2550,3031,2698,2608,8028,1000
385,2916,2826,3486,3047,2550,3031,2702,2615,8014,1000
386,2916,2826,3493,3054,2550,3037,2702,2621,8025,1000
387,2916,2826,3486,3047,2550,3037,2702,2615,8017,1000
388,2916,2826,3493,3054,2550,3037,2702,2604,8010,1000
389,2916,2832,3493,3054,2550,3047,2702,2608,8021,1000
390,2916,2820,3486,3054,2550,3047,2702,2608,8027,1000
391,2924,2832,3493,3054,2550,3047,2698,2615,8027,1000
392,2916,2826,3493,3054,2550,3037,2702,2615,8015,1000
393,2924,2832,3493,3060,2550,3037,2702,2615,8018,1000
394,2924,2820,3493,3060,2550,3037,2702,2608,8029,1000
395,2924,2826,3493,3060,2556,3047,2702,2608,8021,1000
396,2924,2826,3499,3060,2550,3047,2702,2615,8008,1000
397,2924,2826,3499,3060,2550,3047,2702,2615,8023,1000
398,2924,2826,3493,3060,2550,3047,2702,2615,8015,1000
399,2924,2836,3499,3060,2550,3047,2698,2615,8017,1000
400,2930,2826,3493,3060,2556,3054,2702,2615,8018,1000
401,2916,2820,3486,3054,2550,3047,2698,2604,8022,1000
402,2930,2836,3499,3064,2556,3054,2702,2608,8014,1000
403,2930,2826,3499,3060,2556,3054,2702,2608,8017,1000
404,2930,2832,3493,3064,2550,3054,2702,2608,8013,1000
405,2930,2832,3499,3064,2550,3054,2702,2608,8015,1000
406,2930,2832,3499,3064,2556,3054,2702,2608,8021,1000
407,2930,2832,3499,3064,2556,3054,2702,2608,8011,1000
408,2930,2826,3493,3064,2556,3054,2702,2608,8015,1000
409,2924,2826,3493,3060,2550,3047,2698,2608,8011,1000
410,2924,2826,3493,3060,2546,3054,2698,2604,8031,1000
411,2930,2826,3499,3060,2550,3054,2698,2608,8019,1000
412,2930,2820,3493,3060,2550,3054,2698,2604,8011,1000
413,2924,2820,3499,3064,2550,3054,2698,2604,8009,1000
414,2930,2826,3493,3064,2550,3054,2698,2604,8011,1000
415,2935,2826,3503,3064,2556,3060,2702,2608,8014,1000
416,2935,2826,3499,3070,2550,3060,2709,2604,8009,0
417,2935,2826,3457,3060,2556,3060,2702,2608,8003,0
418,2930,2820,3409,3047,2550,3054,2698,2608,8000,0
419,2935,2826,3374,3060,2556,3054,2702,2608,8006,0
420,2935,2820,3346,3054,2556,3060,2702,2608,7993,0
421,2930,2815,3302,3043,2550,3054,2698,2598,8000,0
422,2935,2815,3279,3043,2550,3054,2698,2604,7998,0
423,2930,2809,3250,3043,2550,3054,2698,2598,7987,0
424,2930,2803,3221,3031,2550,3054,2698,2608,8004,0
425,2930,2803,3204,3024,2550,3054,2698,2598,7998,0
426,2930,2803,3181,3024,2550,3054,2698,2604,7990,0
427,2930,2803,3169,3020,2550,3054,2698,2604,7989,0
428,2930,2799,3146,3014,2556,3054,2698,2598,7998,0
429,2924,2799,3127,3014,2550,3054,2698,2604,7992,0
430,2924,2799,3116,3010,2556,3054,2698,2608,7993,0
431,2930,2792,3104,3010,2556,3054,2698,2604,7986,0
432,2916,2786,3087,2991,2550,3054,2692,2604,7987,0
433,2924,2792,3081,2999,2556,3054,2702,2608,8003,0
434,2924,2786,3070,2991,2556,3054,2698,2608,8003,0
435,2924,2786,3064,2991,2556,3054,2702,2604,7999,0
436,2916,2786,3054,2985,2556,3054,2698,2604,7999,0
437,2924,2780,3043,2978,2556,3054,2698,2604,8012,0
438,2924,2780,3031,2978,2556,3047,2698,2604,8012,0
439,2916,2780,3024,2966,2556,3054,2698,2604,8009,0
440,2924,2780,3020,2974,2556,3054,2702,2608,8001,0
441,2909,2774,3010,2960,2556,3047,2698,2608,8000,0
442,2909,2774,3004,2955,2556,3047,2698,2604,8002,0
443,2909,2774,2991,2949,2556,3047,2698,2598,8014,0
444,2909,2774,2991,2949,2556,3047,2698,2604,8010,0
445,2899,2763,2978,2935,2550,3043,2692,2598,8007,0
446,2905,2763,2966,2930,2550,3043,2692,2598,8014,0
447,2909,2769,2974,2935,2556,3043,2698,2604,8010,0
448,2905,2769,2966,2930,2556,3047,2698,2604,8014,0
449,2905,2763,2960,2924,2556,3047,2698,2598,8012,0
450,2905,2769,2955,2930,2556,3043,2698,2598,8020,0
451,2899,2763,2949,2924,2556,3043,2698,2604,8014,0
452,2899,2763,2949,2916,2556,3043,2698,2604,8020,0
453,2893,2757,2935,2909,2556,3037,2692,2598,8026,0
454,2886,2757,2930,2905,2556,3024,2692,2598,8020,0
455,2899,2763,2935,2909,2556,3031,2698,2598,8020,0
456,2886,2757,2924,2899,2550,3024,2692,2598,8031,0
457,2886,2757,2916,2893,2556,3024,2692,2598,8034,0
458,2882,2757,2916,2893,2556,3024,2692,2598,8032,0
459,2882,2757,2909,2893,2550,3024,2692,2592,8026,0
460,2882,2757,2905,2886,2556,3024,2692,2598,8033,0
461,2876,2757,2905,2882,2556,3020,2692,2592,8025,0
462,2882,2757,2899,2882,2556,3020,2692,2592,8040,0
463,2876,2751,2893,2876,2556,3020,2692,2598,8026,0
464,2876,2751,2893,2876,2556,3020,2692,2598,8036,0
465,2876,2751,2886,2876,2556,3020,2692,2598,8036,0
466,2870,2751,2886,2870,2550,3014,2698,2592,8031,0
467,2870,2746,2886,2870,2550,3020,2692,2604,8034,0
468,2870,2746,2882,2863,2556,3014,2692,2592,8039,0
469,2870,2751,2886,2870,2562,3020,2702,2604,8045,0
470,2863,2746,2882,2863,2556,3010,2692,2598,8043,0
471,2863,2746,2876,2859,2550,3010,2692,2592,8040,0
472,2863,2746,2876,2859,2556,3010,2692,2598,8040,0
473,2859,2740,2876,2859,2556,3010,2692,2598,8041,0
474,2863,2746,2870,2853,2556,3010,2692,2598,8048,0
475,2859,2746,2863,2853,2556,3004,2692,2592,8041,0
476,2859,2740,2863,2849,2556,3004,2692,2598,8050,0
477,2859,2740,2863,2849,2556,3004,2692,2592,8045,0
478,2853,2746,2859,2849,2556,3004,2692,2592,8050,0
479,2853,2740,2859,2843,2556,2999,2692,2592,8062,0
480,2853,2740,2853,2843,2556,2999,2692,2598,8048,0
481,2853,2740,2853,2843,2556,2999,2692,2592,8046,0
482,2849,2740,2853,2836,2556,2999,2692,2592,8050,0
483,2853,2746,2853,2836,2556,2999,2692,2592,8056,0
484,2849,2740,2853,2836,2556,2991,2692,2592,8051,0
485,2849,2740,2849,2836,2556,2999,2692,2598,8046,0
486,2843,2734,2843,2826,2550,2991,2686,2592,8062,0
487,2843,2740,2843,2832,2556,2991,2692,2598,8065,0
488,2843,2734,2843,2832,2556,2991,2692,2598,8068,0
489,2836,2740,2843,2832,2556,2985,2692,2592,8057,0
490,2836,2734,2836,2826,2556,2985,2692,2598,8070,0
491,2836,2734,2836,2826,2556,2985,2692,2592,8057,0
492,2843,2740,2843,2832,2562,2985,2698,2598,8059,0
493,2843,2740,2836,2826,2562,2985,2698,2598,8054,0
494,2843,2740,2836,2832,2562,2985,2698,2604,8059,0
495,2836,2746,2836,2826,2562,2978,2692,2598,8068,0
496,2832,2734,2826,2815,2556,2978,2692,2585,8055,0
497,2826,2734,2826,2820,2556,2974,2692,2592,8072,0
498,2826,2728,2832,2815,2556,2974,2686,2592,8064,0
499,2826,2728,2826,2815,2556,2974,2686,2592,8075,0
500,2826,2734,2826,2815,2556,2974,2692,2592,8072,0
501,2815,2721,2820,2809,2556,2966,2686,2592,8066,0
502,2820,2734,2820,2815,2562,2966,2692,2598,8070,0
503,2820,2734,2826,2815,2556,2966,2692,2598,8068,0
504,2820,2728,2820,2809,2562,2966,2692,2592,8067,0
505,2820,2728,2820,2809,2556,2960,2686,2592,8068,0
506,2820,2728,2820,2809,2556,2960,2686,2592,8065,0
507,2815,2728,2820,2809,2556,2960,2692,2592,8060,0
508,2815,2721,2815,2809,2556,2960,2686,2598,8076,0
509,2815,2728,2820,2803,2562,2960,2692,2598,8073,0
510,2809,2728,2815,2803,2556,2960,2692,2592,8072,0
511,2815,2728,2815,2803,2556,2960,2692,2592,8075,0
512,2809,2721,2809,2799,2550,2955,2686,2592,8081,0
513,2809,2728,2809,2803,2556,2955,2692,2598,8078,0
514,2809,2734,2809,2803,2556,2955,2692,2598,8075,0
515,2803,2728,2809,2803,2556,2955,2686,2598,8079,0
516,2803,2728,2809,2799,2556,2949,2692,2592,8079,0
517,2803,2728,2809,2799,2556,2949,2692,2598,8070,0
518,2803,2728,2809,2799,2556,2949,2686,2592,8075,0
519,2803,2728,2809,2792,2556,2949,2692,2592,8084,0
520,2803,2728,2803,2792,2556,2949,2686,2592,8075,0
521,2803,2721,2803,2792,2556,2941,2686,2598,8073,0
522,2799,2721,2803,2792,2556,2941,2692,2585,8078,0
523,2792,2728,2803,2792,2556,2941,2692,2598,8090,0
524,2799,2721,2803,2792,2556,2935,2686,2592,8072,0
525,2792,2721,2803,2792,2556,2935,2692,2592,8078,0
526,2792,2721,2799,2792,2556,2935,2686,2592,8092,0
527,2792,2715,2799,2786,2556,2935,2686,2585,8082,0
528,2792,2721,2799,2792,2556,2935,2686,2592,8093,0
529,2792,2721,2799,2786,2556,2935,2686,2592,8086,0
530,2792,2715,2799,2786,2556,2930,2686,2592,8083,0
531,2792,2715,2799,2786,2556,2930,2686,2592,8087,0
532,2786,2721,2799,2786,2556,2930,2686,2598,8084,0
533,2786,2715,2792,2780,2556,2930,2686,2585,8082,0
534,2786,2715,2792,2786,2562,2924,2686,2598,8083,0
535,2780,2715,2799,2780,2556,2924,2686,2598,8086,0
536,2786,2715,2792,2780,2556,2924,2686,2585,8084,0
537,2786,2715,2792,2780,2556,2924,2686,2598,8081,0
538,2780,2709,2786,2774,2556,2916,2680,2585,8089,0
539,2780,2715,2792,2780,2556,2924,2686,2592,8090,0
540,2780,2715,2792,2780,2562,2924,2686,2592,8090,0
541,2774,2721,2792,2780,2556,2924,2686,2592,8088,0
542,2780,2721,2792,2780,2556,2916,2686,2598,8091,0
543,2774,2715,2792,2780,2556,2916,2686,2592,8086,0
544,2774,2715,2792,2774,2556,2916,2686,2592,8097,0
545,2774,2721,2792,2780,2556,2916,2686,2592,8096,0
546,2774,2715,2792,2774,2556,2909,2686,2592,8086,0
547,2774,2715,2786,2774,2556,2909,2686,2592,8089,0
548,2774,2721,2786,2774,2562,2909,2686,2592,8101,0
549,2774,2715,2786,2774,2562,2909,2686,2592,8092,0
550,2769,2715,2786,2774,2562,2909,2686,2592,8087,0
551,2769,2721,2786,2774,2562,2909,2686,2592,8095,0
552,2769,2715,2786,2774,2562,2909,2686,2592,8098,0
553,2769,2715,2786,2774,2562,2909,2686,2592,8092,0
554,2763,2715,2786,2774,2556,2909,2680,2592,8093,0
555,2769,2715,2786,2769,2562,2905,2686,2585,8108,0
556,2769,2715,2786,2774,2556,2905,2686,2592,8090,0
557,2763,2715,2786,2774,2562,2905,2686,2592,8090,0
558,2769,2709,2780,2769,2556,2905,2680,2592,8104,0
559,2763,2715,2786,2769,2556,2899,2680,2585,8089,0
560,2763,2715,2780,2769,2556,2899,2686,2592,8098,0
561,2763,2709,2780,2769,2556,2899,2686,2585,8101,0
562,2763,2715,2780,2769,2556,2899,2680,2585,8098,0
563,2757,2709,2780,2769,2556,2899,2686,2592,8093,0
564,2763,2709,2780,2769,2556,2899,2686,2592,8092,0
565,2757,2715,2780,2763,2556,2893,2680,2585,8098,0
566,2757,2715,2792,2769,2556,2893,2686,2592,8101,2000
567,2757,2715,2849,2769,2556,2893,2686,2585,8106,2000
568,2757,2715,2905,2769,2556,2893,2680,2592,8107,2000
569,2757,2715,2960,2769,2556,2893,2680,2592,8112,2000
570,2757,2728,3010,2774,2556,2893,2680,2585,8115,2000
571,2757,2728,3060,2780,2556,2893,2680,2585,8120,2000
572,2757,2734,3098,2780,2556,2893,2680,2592,8123,2000
573,2763,2740,3146,2786,2556,2893,2680,2592,8118,2000
574,2763,2740,3175,2792,2556,2886,2680,2585,8110,2000
575,2763,2746,3215,2799,2556,2893,2680,2592,8123,2000
576,2763,2751,3250,2803,2556,2893,2686,2598,8109,2000
577,2769,2751,3279,2809,2556,2893,2680,2592,8111,2000
578,2774,2751,3309,2815,2556,2893,2686,2592,8111,2000
579,2769,2763,3340,2826,2556,2899,2686,2585,8112,2000
580,2774,2763,3369,2832,2556,2893,2680,2592,8108,2000
581,2769,2763,3386,2832,2550,2893,2680,2585,8111,2000
582,2769,2763,3409,2836,2550,2893,2680,2592,8117,2000
583,2780,2774,3445,2853,2556,2899,2686,2598,8100,2000
584,2774,2774,3463,2853,2550,2893,2680,2592,8105,2000
585,2780,2780,3480,2859,2556,2893,2680,2585,8094,2000
586,2780,2786,3503,2870,2556,2899,2680,2585,8098,2000
587,2786,2780,3522,2876,2556,2899,2680,2592,8097,2000
588,2786,2786,3545,2882,2556,2899,2686,2592,8099,2000
589,2792,2786,3555,2886,2556,2905,2686,2592,8089,2000
590,2792,2799,3574,2899,2556,2899,2686,2592,8088,2000
591,2792,2799,3593,2905,2556,2905,2686,2592,8084,2000
592,2792,2792,3603,2909,2550,2899,2680,2581,8087,2000
593,2803,2803,3626,2924,2550,2909,2680,2592,8086,2000
594,2799,2803,3631,2924,2550,2905,2680,2592,8077,2000
595,2799,2799,3649,2935,2550,2905,2680,2592,8076,2000
596,2809,2809,3664,2941,2550,2905,2686,2592,8083,2000
597,2803,2803,3670,2949,2550,2905,2680,2585,8076,2000
598,2809,2809,3687,2955,2546,2909,2680,2585,8074,2000
599,2815,2815,3704,2966,2550,2916,2686,2598,8074,2000
600,2815,2815,3710,2974,2550,2916,2686,2598,8063,2000
601,2815,2820,3721,2985,2550,2916,2686,2598,8068,2000
602,2820,2820,3727,2985,2550,2916,2686,2598,8064,2000
603,2820,2826,3746,2999,2550,2930,2686,2598,8064,2000
604,2826,2826,3750,3004,2550,2924,2686,2598,8062,2000
605,2832,2832,3762,3004,2550,2930,2686,2598,8060,2000
606,2832,2832,3769,3014,2550,2930,2686,2592,8055,2000
607,2832,2836,3781,3020,2550,2935,2686,2598,8050,2000
608,2836,2836,3787,3031,2550,2935,2686,2598,8050,2000
609,2843,2832,3798,3031,2550,2930,2686,2592,8052,2000
610,2843,2843,3798,3043,2546,2941,2686,2598,8039,2000
611,2849,2836,3810,3043,2546,2941,2686,2598,8040,2000
612,2853,2843,3833,3060,2550,2949,2692,2604,8043,2000
613,2853,2843,3833,3060,2550,2949,2692,2604,8028,2000
614,2859,2843,3846,3064,2550,2955,2692,2598,8030,2000
615,2859,2849,3850,3070,2550,2955,2692,2608,8024,2000
616,2863,2853,3863,3075,2550,2955,2692,2598,8031,2000
617,2870,2853,3863,3081,2550,2955,2686,2598,8032,2000
618,2870,2853,3875,3087,2550,2960,2686,2598,8026,2000
619,2876,2853,3875,3093,2550,2966,2686,2604,8024,2000
620,2876,2853,3879,3093,2550,2966,2686,2598,8021,2000
621,2882,2853,3886,3098,2550,2966,2686,2598,8020,2000
622,2882,2853,3898,3104,2546,2966,2686,2604,8013,2000
623,2893,2859,3902,3110,2556,2978,2692,2604,8017,2000
624,2893,2863,3909,3116,2556,2978,2692,2604,8012,2000
625,2886,2859,3909,3116,2546,2978,2692,2598,8015,2000
626,2899,2863,3915,3127,2550,2978,2692,2604,8010,2000
627,2905,2870,3921,3127,2550,2985,2692,2604,8002,2000
628,2899,2863,3915,3127,2546,2985,2686,2598,7998,2000
629,2899,2863,3928,3133,2546,2985,2686,2592,8011,2000
630,2909,2870,3934,3139,2550,2991,2692,2604,8001,2000
631,2909,2870,3940,3139,2550,2999,2692,2604,8003,2000
632,2916,2882,3940,3146,2550,2999,2692,2604,8004,2000
633,2916,2876,3946,3150,2550,2999,2692,2604,7989,2000
634,2924,2870,3946,3150,2550,2999,2692,2604,7986,2000
635,2924,2876,3951,3156,2550,3004,2692,2598,7995,2000
636,2930,2870,3951,3156,2550,3004,2692,2598,7990,2000
637,2930,2876,3957,3162,2550,3004,2692,2598,7993,2000
638,2930,2876,3957,3169,2550,3010,2686,2598,7989,2000
639,2930,2882,3963,3169,2550,3010,2686,2604,7997,2000
640,2935,2876,3963,3175,2550,3014,2692,2604,7989,2000
641,2935,2876,3969,3169,2550,3014,2686,2592,7989,2000
642,2949,2886,3974,3181,2556,3020,2698,2604,7992,2000
643,2949,2882,3974,3181,2546,3020,2686,2598,7980,2000
644,2949,2876,3974,3181,2550,3020,2686,2598,7981,2000
645,2949,2876,3974,3181,2546,3020,2686,2598,7977,2000
646,2960,2882,3986,3192,2550,3031,2698,2604,7974,2000
647,2960,2886,3986,3192,2550,3031,2698,2604,7973,2000
648,2966,2882,3992,3192,2550,3037,2698,2604,7978,2000
649,2966,2886,3999,3192,2556,3037,2692,2604,7970,2000
650,2966,2886,3992,3198,2550,3037,2692,2604,7965,2000
651,2974,2882,3999,3198,2550,3037,2692,2604,7974,2000
652,2974,2893,3999,3198,2550,3047,2692,2604,7963,2000
653,2974,2893,3999,3204,2550,3047,2692,2604,7970,2000
654,2978,2893,4003,3210,2550,3047,2692,2604,7958,2000
655,2985,2893,4003,3215,2556,3060,2698,2604,7955,2000
656,2978,2886,3999,3210,2546,3054,2692,2604,7957,2000
657,2985,2893,4003,3210,2550,3060,2692,2604,7963,2000
658,2991,2899,4009,3221,2556,3064,2698,2604,7961,2000
659,2999,2899,4015,3221,2550,3064,2698,2604,7959,2000
660,2999,2905,4015,3227,2550,3064,2698,2598,7958,2000
661,3004,2899,4015,3227,2550,3064,2698,2604,7959,2000
662,3004,2899,4022,3227,2550,3064,2698,2604,7958,2000
663,3004,2905,4028,3227,2550,3070,2692,2604,7959,2000
664,3004,2899,4022,3227,2556,3070,2692,2604,7955,2000
665,3010,2899,4028,3233,2550,3070,2692,2598,7959,2000
666,3010,2905,4028,3233,2550,3075,2692,2604,7960,2000
667,3014,2905,4028,3233,2550,3075,2692,2592,7946,2000
668,3014,2899,4028,3240,2550,3075,2692,2598,7942,2000
669,3014,2905,4028,3240,2550,3081,2692,2598,7959,2000
670,3020,2905,4028,3240,2550,3081,2692,2592,7962,2000
671,3020,2899,4028,3240,2550,3081,2692,2598,7946,2000
672,3020,2905,4028,3240,2550,3087,2692,2592,7947,2000
673,3024,2899,4028,3250,2550,3081,2692,2598,7949,2000
674,3024,2905,4034,3256,2550,3087,2692,2592,7945,2000
675,3024,2905,4045,3250,2550,3093,2692,2598,7942,2000
676,3024,2905,4034,3256,2550,3093,2692,2592,7942,2000
677,3031,2905,4045,3256,2550,3093,2686,2592,7945,2000
678,3031,2905,4045,3256,2546,3093,2692,2598,7935,2000
679,3031,2905,4034,3256,2550,3098,2692,2592,7943,2000
680,3043,2909,4051,3263,2556,3098,2698,2604,7948,2000
681,3037,2909,4051,3269,2550,3104,2698,2598,7934,2000
682,3043,2916,4057,3269,2550,3104,2698,2592,7938,2000
683,3047,2916,4057,3269,2550,3104,2692,2592,7933,2000
684,3043,2916,4051,3269,2550,3110,2698,2604,7946,2000
685,3047,2924,4063,3269,2550,3116,2692,2598,7931,2000
686,3047,2909,4034,3269,2550,3116,2692,2598,7926,0
687,3043,2905,3951,3256,2546,3110,2692,2598,7916,0
688,3043,2893,3886,3256,2546,3116,2692,2592,7914,0
689,3043,2893,3815,3250,2546,3116,2692,2592,7913,0
690,3043,2886,3750,3250,2546,3116,2692,2604,7905,0
691,3037,2886,3704,3240,2546,3121,2692,2598,7904,0
692,3043,2882,3654,3233,2546,3121,2692,2598,7902,0
693,3043,2870,3603,3227,2550,3127,2692,2598,7904,0
694,3037,2870,3562,3227,2550,3127,2692,2598,7904,0
695,3043,2859,3528,3215,2550,3133,2692,2604,7902,0
696,3037,2853,3486,3204,2546,3127,2692,2598,7887,0
697,3031,2849,3457,3198,2546,3127,2686,2598,7904,0
698,3031,2843,3422,3187,2546,3127,2686,2592,7903,0
699,3031,2836,3392,3187,2546,3127,2692,2598,7913,0
700,3031,2836,3369,3175,2550,3133,2692,2598,7904,0
701,3031,2836,3346,3169,2550,3133,2692,2604,7915,0
702,3031,2836,3328,3162,2546,3133,2692,2598,7903,0
703,3020,2820,3298,3150,2546,3127,2686,2598,7904,0
704,3020,2815,3275,3139,2546,3127,2686,2598,7894,0
705,3020,2815,3263,3133,2546,3127,2686,2585,7901,0
706,3014,2815,3246,3127,2546,3127,2692,2598,7901,0
707,3020,2809,3221,3116,2546,3133,2686,2598,7907,0
708,3020,2815,3210,3116,2546,3127,2692,2598,7906,0
709,3014,2809,3192,3104,2546,3127,2692,2598,7904,0
710,3020,2809,3187,3098,2546,3127,2692,2598,7917,0
711,3014,2803,3175,3093,2546,3127,2692,2598,7915,0
712,3014,2803,3156,3087,2550,3127,2692,2598,7916,0
713,3014,2803,3150,3081,2550,3127,2692,2598,7924,0
714,3010,2799,3139,3070,2550,3127,2692,2598,7918,0
715,3010,2799,3127,3070,2550,3127,2692,2598,7926,0
716,3004,2799,3121,3064,2550,3127,2692,2598,7922,0
717,3010,2799,3110,3054,2550,3127,2692,2598,7925,0
718,2999,2786,3098,3047,2546,3121,2686,2592,7918,0
719,2991,2786,3087,3043,2550,3116,2686,2592,7922,0
720,2999,2780,3081,3037,2550,3121,2686,2592,7929,0
721,2999,2786,3070,3024,2550,3121,2686,2592,7929,0
722,2985,2774,3060,3014,2546,3110,2680,2585,7930,0
723,2985,2780,3054,3010,2546,3116,2686,2592,7934,0
724,2991,2786,3054,3010,2550,3116,2692,2592,7936,0
725,2978,2774,3043,2999,2550,3116,2686,2592,7937,0
726,2978,2769,3031,2991,2550,3110,2680,2585,7938,0
727,2974,2774,3031,2985,2550,3110,2686,2585,7945,0
728,2974,2769,3014,2985,2550,3110,2686,2592,7946,0
729,2974,2769,3010,2978,2550,3110,2686,2592,7953,0
730,2978,2774,3014,2978,2556,3116,2692,2592,7952,0
731,2966,2763,3004,2966,2550,3110,2686,2592,7949,0
732,2966,2763,2991,2960,2550,3104,2686,2592,7959,0
733,2966,2769,2991,2960,2550,3098,2680,2592,7954,0
734,2960,2769,2985,2960,2550,3104,2686,2592,7958,0
735,2960,2769,2974,2955,2550,3098,2686,2585,7961,0
736,2960,2769,2974,2941,2550,3098,2686,2592,7963,0
737,2955,2757,2966,2941,2550,3098,2686,2592,7959,0
738,2955,2769,2960,2941,2550,3093,2686,2585,7965,0
739,2955,2763,2960,2935,2550,3093,2686,2592,7962,0
740,2949,2757,2955,2930,2550,3098,2686,2592,7974,0
741,2941,2763,2949,2930,2550,3093,2686,2598,7973,0
742,2941,2757,2941,2924,2550,3093,2686,2592,7973,0
743,2935,2751,2935,2909,2546,3087,2680,2585,7983,0
744,2930,2763,2935,2916,2550,3087,2680,2585,7984,0
745,2935,2757,2930,2909,2556,3087,2686,2585,7975,0
746,2935,2757,2930,2909,2550,3087,2692,2592,7974,0
747,2930,2757,2930,2905,2556,3087,2686,2592,7988,0
748,2930,2746,2916,2905,2556,3081,2686,2585,7982,0
749,2930,2757,2916,2899,2550,3081,2686,2592,7990,0
750,2924,2757,2909,2899,2550,3081,2686,2585,7989,0
751,2930,2751,2909,2893,2550,3075,2686,2592,7983,0
752,2924,2751,2905,2893,2556,3075,2686,2592,7989,0
753,2924,2746,2905,2886,2556,3075,2686,2585,7991,0
754,2916,2751,2899,2886,2556,3070,2686,2592,8003,0
755,2916,2746,2899,2886,2550,3070,2692,2592,8001,0
756,2916,2746,2893,2882,2556,3070,2686,2592,8012,0
757,2916,2746,2886,2882,2556,3064,2686,2585,7991,0
758,2909,2746,2893,2876,2550,3064,2686,2585,8007,0
759,2905,2751,2886,2876,2556,3060,2686,2585,7994,0
760,2905,2746,2882,2870,2550,3060,2686,2585,8004,0
761,2905,2746,2882,2870,2556,3060,2686,2592,8007,0
762,2899,2746,2882,2863,2556,3060,2686,2592,8002,0
763,2899,2746,2870,2863,2556,3054,2686,2592,8008,0
764,2899,2740,2876,2863,2556,3054,2686,2585,8010,0
765,2893,2740,2870,2859,2556,3054,2686,2592,8003,0
766,2893,2740,2870,2859,2550,3054,2686,2592,8020,0
767,2893,2740,2863,2859,2556,3047,2686,2585,8014,0
768,2886,2740,2863,2853,2556,3047,2686,2585,8007,0
769,2886,2746,2863,2853,2556,3043,2686,2592,8026,0
770,2886,2740,2859,2849,2556,3043,2686,2585,8017,0
771,2882,2734,2853,2843,2550,3037,2680,2581,8027,0
772,2876,2734,2853,2843,2550,3037,2686,2585,8022,0
773,2876,2728,2849,2836,2550,3031,2680,2592,8026,0
774,2876,2734,2849,2836,2550,3031,2680,2585,8024,0
775,2870,2734,2849,2836,2550,3031,2680,2585,8023,0
776,2870,2728,2843,2836,2550,3031,2680,2581,8019,0
777,2876,2734,2849,2843,2550,3037,2686,2592,8029,0
778,2870,2740,2849,2836,2556,3031,2686,2592,8039,0
779,2863,2728,2836,2832,2550,3024,2680,2581,8035,0
780,2870,2734,2843,2836,2556,3020,2686,2592,8028,0
781,2870,2740,2843,2836,2562,3024,2692,2598,8033,0
782,2863,2734,2836,2832,2556,3020,2686,2585,8040,0
783,2863,2734,2836,2832,2556,3014,2686,2585,8036,0
784,2859,2734,2836,2826,2556,3014,2686,2585,8039,0
785,2859,2728,2832,2826,2556,3010,2686,2585,8028,0
786,2859,2734,2832,2826,2550,3010,2686,2592,8034,0
787,2853,2728,2832,2826,2556,3010,2686,2585,8035,0
788,2849,2721,2820,2815,2550,3004,2680,2581,8045,0
789,2849,2721,2820,2815,2550,2999,2680,2581,8046,0
790,2853,2728,2826,2820,2556,3004,2686,2592,8040,0
791,2849,2721,2820,2815,2550,2999,2680,2581,8046,0
792,2849,2728,2826,2820,2556,3004,2680,2585,8042,0
793,2849,2728,2820,2815,2556,2999,2686,2585,8044,0
794,2836,2721,2815,2809,2550,2991,2680,2585,8041,0
795,2843,2728,2820,2815,2556,2999,2686,2585,8046,0
796,2843,2728,2820,2815,2556,2999,2686,2585,8059,0
797,2836,2728,2820,2815,2556,2991,2686,2585,8052,0
798,2836,2721,2815,2809,2556,2991,2686,2585,8044,0
799,2836,2728,2815,2809,2556,2991,2686,2585,8056,0
800,2832,2728,2815,2809,2556,2991,2686,2585,8056,0
801,2832,2721,2815,2809,2556,2985,2686,2592,8065,0
802,2826,2715,2809,2803,2550,2978,2680,2581,8056,0
803,2832,2728,2809,2803,2556,2985,2686,2585,8052,0
804,2832,2721,2809,2803,2556,2978,2686,2585,8067,0
805,2832,2721,2809,2803,2562,2978,2686,2585,8055,0
806,2820,2721,2803,2799,2550,2974,2680,2585,8055,0
807,2820,2715,2803,2792,2550,2974,2680,2581,8061,0
808,2820,2715,2803,2799,2550,2966,2680,2581,8070,0
809,2820,2721,2809,2799,2556,2974,2680,2585,8054,0
810,2820,2721,2803,2799,2556,2974,2686,2585,8058,0
811,2820,2721,2803,2799,2556,2966,2686,2585,8067,0
812,2815,2715,2799,2792,2550,2960,2675,2581,8066,0
813,2820,2715,2799,2792,2556,2966,2680,2585,8067,0
814,2809,2709,2799,2792,2550,2960,2680,2581,8075,0
815,2809,2715,2799,2792,2550,2960,2680,2585,8074,0
816,2809,2709,2792,2786,2556,2955,2680,2581,8072,0
817,2815,2715,2799,2792,2556,2960,2680,2585,8073,0
818,2809,2715,2799,2792,2562,2960,2686,2585,8064,0
819,2803,2709,2786,2786,2550,2949,2675,2581,8076,0
820,2809,2715,2799,2786,2556,2955,2680,2581,8075,0
821,2803,2715,2799,2792,2556,2955,2680,2585,8079,0
822,2799,2709,2792,2786,2550,2941,2680,2575,8072,0
823,2803,2715,2792,2786,2556,2949,2680,2585,8070,0
824,2803,2715,2792,2786,2556,2955,2680,2585,8076,0
825,2799,2721,2792,2786,2556,2949,2680,2581,8080,0
826,2799,2715,2792,2786,2556,2941,2680,2581,8079,0
827,2799,2715,2792,2786,2556,2941,2680,2592,8078,0
828,2799,2721,2792,2780,2556,2941,2686,2585,8077,0
829,2799,2715,2786,2780,2556,2941,2680,2585,8073,0
830,2792,2715,2786,2780,2556,2941,2680,2585,8078,0
831,2792,2715,2792,2780,2556,2941,2680,2585,8075,0
832,2792,2709,2786,2780,2556,2935,2680,2585,8078,0
833,2792,2715,2786,2780,2556,2935,2680,2585,8078,0
834,2792,2715,2792,2774,2556,2935,2680,2585,8081,0
835,2786,2715,2786,2780,2556,2930,2680,2585,8075,0
836,2786,2715,2803,2780,2556,2930,2680,2585,8092,3000
837,2786,2709,2893,2780,2556,2935,2680,2585,8104,3000
838,2786,2709,2974,2769,2550,2924,2675,2581,8101,3000
839,2792,2728,3064,2786,2556,2930,2686,2581,8100,3000
840,2792,2728,3127,2792,2556,2930,2680,2575,8104,3000
841,2792,2734,3192,2792,2556,2930,2680,2581,8109,3000
842,2799,2740,3263,2803,2556,2924,2686,2581,8111,3000
843,2799,2746,3315,2809,2562,2930,2686,2585,8113,3000
844,2792,2746,3363,2809,2550,2924,2675,2581,8101,3000
845,2792,2751,3422,2820,2550,2916,2680,2581,8117,3000
846,2792,2757,3468,2826,2550,2924,2675,2581,8114,3000
847,2799,2763,3516,2832,2556,2924,2680,2581,8110,3000
848,2803,2769,3555,2843,2556,2924,2675,2581,8118,3000
849,2799,2774,3603,2849,2556,2924,2680,2592,8111,3000
850,2803,2774,3631,2859,2550,2916,2675,2575,8105,3000
851,2809,2786,3675,2870,2556,2924,2680,2585,8103,3000
852,2809,2786,3704,2882,2550,2924,2680,2598,8106,3000
853,2815,2803,3739,2886,2550,2930,2680,2585,8103,3000
854,2809,2799,3762,2893,2546,2924,2675,2575,8097,3000
855,2809,2803,3798,2905,2546,2924,2675,2581,8097,3000
856,2815,2803,3833,2916,2546,2924,2675,2585,8086,3000
857,2826,2820,3856,2930,2550,2935,2680,2585,8092,3000
858,2826,2815,3886,2941,2550,2935,2686,2592,8087,3000
859,2826,2826,3915,2955,2546,2935,2680,2592,8090,3000
860,2832,2826,3940,2966,2550,2935,2680,2592,8078,3000
861,2836,2832,3963,2978,2546,2935,2680,2592,8087,3000
862,2836,2832,3986,2991,2550,2941,2680,2592,8078,3000
863,2843,2836,4003,2999,2546,2941,2680,2585,8071,3000
864,2853,2843,4040,3014,2550,2949,2692,2598,8073,3000
865,2853,2849,4063,3031,2550,2955,2686,2598,8068,3000
866,2859,2853,4074,3037,2550,2955,2692,2598,8067,3000
867,2863,2859,4099,3054,2550,2955,2686,2592,8053,3000
868,2863,2853,4114,3060,2550,2955,2686,2592,8068,3000
869,2876,2863,4126,3070,2546,2960,2686,2598,8053,3000
870,2876,2863,4149,3081,2546,2960,2686,2592,8050,3000
871,2876,2870,4160,3087,2550,2960,2686,2592,8045,3000
872,2886,2876,4180,3098,2550,2966,2692,2598,8050,3000
873,2893,2882,4193,3116,2550,2974,2692,2598,8040,3000
874,2893,2882,4210,3116,2550,2974,2686,2598,8042,3000
875,2905,2886,4226,3127,2550,2978,2692,2598,8036,3000
876,2905,2886,4245,3139,2546,2978,2686,2598,8036,3000
877,2905,2893,4256,3150,2550,2978,2686,2592,8032,3000
878,2924,2905,4268,3162,2550,2985,2692,2592,8021,3000
879,2924,2899,4281,3175,2550,2991,2692,2598,8031,3000
880,2930,2909,4298,3181,2550,2999,2692,2598,8015,3000
881,2935,2909,4310,3187,2550,2999,2692,2598,8014,3000
882,2935,2924,4316,3192,2550,2999,2686,2598,8015,3000
883,2941,2916,4321,3198,2546,2999,2686,2592,8009,3000
884,2949,2935,4346,3215,2556,3004,2692,2598,8010,3000
885,2955,2930,4356,3221,2550,3010,2692,2604,8004,3000
886,2960,2930,4362,3227,2550,3010,2692,2598,7996,3000
887,2966,2935,4375,3246,2550,3014,2686,2598,8006,3000
888,2974,2935,4375,3250,2556,3014,2686,2598,8006,3000
889,2974,2935,4387,3256,2550,3020,2692,2598,7992,3000
890,2985,2949,4404,3269,2556,3024,2692,2604,7986,3000
891,2978,2949,4398,3269,2550,3020,2686,2598,7991,3000
892,2991,2955,4415,3286,2556,3031,2692,2592,7987,3000
893,2991,2949,4415,3279,2550,3024,2686,2592,7978,3000
894,2999,2955,4421,3292,2546,3031,2680,2592,7974,3000
895,3010,2960,4446,3302,2556,3037,2686,2598,7978,3000
896,3010,2960,4450,3309,2556,3043,2686,2598,7969,3000
897,3014,2955,4456,3309,2550,3043,2686,2598,7963,3000
898,3020,2966,4463,3321,2550,3054,2686,2598,7971,3000
899,3020,2966,4475,3321,2550,3054,2686,2598,7962,3000
900,3024,2966,4475,3321,2550,3060,2686,2592,7961,3000
901,3031,2966,4479,3334,2550,3060,2686,2592,7960,3000
902,3037,2974,4492,3346,2556,3070,2692,2598,7955,3000
903,3037,2966,4492,3346,2550,3064,2686,2592,7957,3000
904,3047,2974,4509,3357,2556,3070,2686,2598,7947,3000
905,3047,2974,4509,3357,2550,3075,2692,2592,7956,3000
906,3054,2978,4509,3357,2546,3070,2686,2592,7945,3000
907,3060,2974,4509,3363,2546,3075,2680,2585,7943,3000
908,3060,2978,4515,3369,2546,3081,2686,2585,7952,3000
909,3070,2985,4521,3374,2550,3087,2686,2598,7934,3000
910,3070,2978,4521,3374,2546,3087,2680,2592,7940,3000
911,3075,2999,4532,3386,2550,3098,2692,2592,7934,3000
912,3075,2985,4532,3386,2546,3093,2680,2585,7924,3000
913,3087,2991,4542,3392,2556,3098,2686,2592,7927,3000
914,3087,2991,4542,3399,2550,3104,2686,2592,7927,3000
915,3087,2999,4542,3399,2546,3104,2680,2585,7927,3000
916,3098,3004,4548,3403,2550,3110,2686,2592,7927,3000
917,3098,3004,4553,3403,2550,3116,2686,2592,7931,3000
918,3104,3004,4559,3409,2550,3116,2686,2592,7923,3000
919,3110,2999,4559,3415,2550,3121,2680,2592,7915,3000
920,3110,2999,4565,3422,2550,3121,2686,2592,7913,3000
921,3116,3004,4571,3422,2550,3127,2680,2585,7916,3000
922,3121,3004,4571,3422,2550,3127,2680,2585,7909,3000
923,3127,3004,4582,3434,2556,3133,2686,2598,7904,3000
924,3133,3010,4571,3440,2550,3139,2686,2598,7910,3000
925,3133,3014,4582,3440,2550,3139,2686,2592,7897,3000
926,3133,3004,4582,3440,2546,3139,2680,2585,7908,3000
927,3146,3010,4586,3445,2556,3146,2686,2592,7910,3000
928,3146,3010,4582,3445,2550,3150,2686,2598,7902,3000
929,3146,3010,4586,3445,2546,3146,2680,2585,7895,3000
930,3150,3014,4592,3451,2550,3156,2686,2592,7896,3000
931,3156,3010,4599,3451,2550,3162,2686,2598,7901,3000
932,3156,3020,4592,3468,2550,3162,2686,2598,7893,3000
933,3162,3014,4599,3468,2550,3169,2686,2598,7893,3000
934,3156,3010,4592,3463,2546,3162,2680,2592,7891,3000
935,3162,3014,4599,3468,2546,3169,2680,2585,7893,3000
936,3169,3014,4609,3474,2550,3175,2692,2598,7893,3000
937,3175,3014,4609,3480,2550,3175,2686,2592,7890,3000
938,3181,3024,4609,3474,2550,3181,2686,2592,7887,3000
939,3175,3020,4609,3486,2550,3181,2680,2592,7884,3000
940,3181,3014,4615,3480,2550,3187,2686,2592,7888,3000
941,3187,3014,4615,3486,2550,3187,2680,2592,7887,3000
942,3187,3020,4615,3486,2550,3192,2686,2592,7874,3000
943,3192,3020,4622,3486,2550,3192,2686,2592,7882,3000
944,3198,3024,4615,3493,2550,3192,2686,2592,7875,3000
945,3198,3020,4634,3499,2556,3204,2686,2598,7880,3000
946,3198,3024,4622,3499,2546,3204,2680,2592,7877,3000
947,3204,3024,4628,3499,2550,3204,2686,2592,7869,3000
948,3204,3024,4622,3499,2550,3204,2686,2592,7879,3000
949,3204,3037,4628,3499,2550,3210,2680,2592,7880,3000
950,3210,3020,4628,3503,2550,3215,2680,2592,7875,3000
951,3210,3024,4622,3509,2550,3215,2686,2592,7869,3000
952,3215,3024,4628,3509,2550,3215,2686,2592,7877,3000
953,3221,3024,4634,3503,2550,3221,2686,2592,7874,3000
954,3221,3031,4628,3509,2550,3221,2686,2585,7874,3000
955,3221,3024,4645,3516,2550,3221,2680,2592,7869,3000
956,3221,3020,4603,3516,2550,3221,2680,2592,7849,0
957,3227,3020,4504,3516,2550,3227,2680,2585,7844,0
958,3221,3010,4398,3509,2550,3227,2680,2592,7841,0
959,3221,2999,4298,3503,2550,3233,2680,2585,7833,0
960,3221,2991,4203,3503,2550,3233,2680,2592,7825,0
961,3221,2978,4132,3493,2550,3240,2680,2592,7826,0
962,3221,2974,4063,3480,2550,3240,2680,2592,7825,0
963,3221,2966,3992,3474,2550,3246,2680,2585,7812,0
964,3215,2955,3934,3463,2546,3246,2686,2585,7815,0
965,3215,2955,3879,3451,2546,3250,2680,2585,7804,0
966,3210,2935,3821,3434,2546,3246,2680,2585,7809,0
967,3204,2930,3769,3422,2546,3256,2680,2585,7801,0
968,3204,2924,3727,3409,2546,3263,2680,2592,7814,0
969,3198,2909,3687,3399,2546,3263,2680,2592,7804,0
970,3198,2905,3660,3386,2539,3263,2686,2592,7801,0
971,3198,2899,3614,3374,2539,3269,2686,2598,7817,0
972,3192,2893,3581,3363,2539,3269,2686,2604,7804,0
973,3187,2886,3551,3351,2546,3269,2686,2598,7803,0
974,3187,2876,3522,3340,2546,3279,2686,2598,7807,0
975,3181,2870,3493,3321,2539,3269,2680,2592,7811,0
976,3175,2863,3468,3315,2539,3269,2686,2598,7811,0
977,3169,2870,3440,3302,2539,3275,2686,2592,7807,0
978,3169,2859,3415,3292,2539,3275,2686,2598,7807,0
979,3169,2853,3399,3286,2539,3275,2686,2598,7813,0
980,3162,2853,3374,3269,2546,3275,2692,2598,7822,0
981,3162,2849,3357,3256,2539,3275,2686,2598,7813,0
982,3156,2849,3346,3250,2546,3275,2692,2598,7818,0
983,3156,2843,3328,3233,2546,3275,2692,2598,7822,0
984,3146,2836,3302,3215,2539,3269,2686,2598,7819,0
985,3146,2832,3286,3210,2539,3269,2686,2598,7824,0
986,3139,2826,3275,3198,2539,3269,2686,2598,7829,0
987,3139,2832,3256,3192,2546,3269,2686,2598,7828,0
988,3133,2815,3240,3181,2539,3263,2680,2598,7835,0
989,3127,2815,3221,3169,2539,3263,2680,2592,7826,0
990,3127,2820,3210,3156,2539,3256,2686,2598,7840,0
991,3127,2815,3198,3150,2546,3263,2686,2598,7843,0
992,3121,2815,3192,3146,2539,3256,2686,2598,7843,0
993,3121,2820,3181,3139,2539,3256,2686,2598,7838,0
994,3116,2809,3169,3133,2539,3256,2686,2598,7851,0
995,3110,2809,3156,3121,2546,3250,2686,2598,7849,0
996,3110,2809,3150,3116,2546,3250,2686,2592,7860,0
997,3110,2803,3139,3104,2546,3250,2686,2592,7849,0
998,3104,2803,3127,3104,2546,3250,2686,2592,7848,0
999,3104,2809,3121,3098,2546,3250,2692,2598,7860,0
1000,3098,2799,3110,3087,2546,3246,2680,2592,7857,0
1001,3093,2799,3098,3075,2546,3240,2686,2592,7873,0
1002,3093,2799,3093,3070,2546,3240,2680,2592,7867,0
1003,3093,2799,3093,3070,2550,3240,2686,2598,7871,0
1004,3087,2792,3081,3060,2546,3221,2686,2592,7875,0
1005,3081,2792,3075,3060,2546,3221,2680,2592,7872,0
1006,3081,2792,3064,3047,2550,3233,2680,2592,7882,0
1007,3081,2786,3060,3047,2546,3221,2686,2585,7883,0
1008,3075,2786,3054,3043,2550,3215,2686,2592,7890,0
1009,3075,2786,3047,3037,2550,3215,2686,2592,7892,0
1010,3064,2780,3043,3020,2546,3210,2675,2585,7895,0
1011,3064,2786,3037,3020,2550,3215,2686,2592,7884,0
1012,3064,2786,3024,3014,2550,3210,2686,2592,7897,0
1013,3054,2774,3014,3010,2546,3204,2680,2585,7901,0
1014,3054,2774,3010,3004,2546,3204,2680,2592,7904,0
1015,3060,2780,3010,3004,2556,3204,2686,2592,7909,0
1016,3047,2769,3004,2991,2546,3198,2680,2585,7915,0
1017,3043,2774,2999,2991,2546,3198,2680,2585,7909,0
1018,3054,2774,2999,2991,2556,3198,2686,2592,7898,0
1019,3047,2774,2991,2985,2556,3198,2686,2585,7912,0
1020,3043,2774,2991,2978,2556,3192,2686,2592,7920,0
1021,3043,2774,2985,2978,2550,3187,2686,2592,7926,0
1022,3043,2774,2978,2974,2556,3187,2680,2592,7925,0
1023,3037,2774,2974,2966,2550,3187,2686,2598,7923,0
1024,3024,2774,2974,2960,2550,3181,2686,2592,7931,0
1025,3024,2774,2960,2955,2556,3181,2686,2592,7926,0
1026,3020,2769,2955,2949,2546,3175,2680,2585,7937,0
1027,3014,2769,2955,2949,2550,3169,2680,2585,7929,0
1028,3010,2763,2941,2941,2550,3162,2680,2585,7928,0
1029,3010,2763,2941,2935,2550,3162,2680,2585,7934,0
1030,3004,2763,2935,2935,2550,3169,2680,2585,7938,0
1031,3004,2757,2930,2930,2550,3156,2680,2585,7953,0
1032,3004,2757,2930,2930,2550,3156,2680,2585,7942,0
1033,2999,2763,2924,2924,2550,3156,2680,2585,7959,0
1034,2991,2757,2924,2916,2550,3156,2680,2585,7953,0
1035,2991,2757,2916,2916,2550,3150,2680,2585,7960,0
1036,2985,2757,2916,2916,2550,3150,2680,2585,7954,0
1037,2985,2757,2909,2909,2550,3146,2680,2592,7959,0
1038,2985,2757,2909,2909,2550,3146,2680,2585,7956,0
1039,2978,2757,2905,2905,2556,3146,2680,2585,7966,0
1040,2978,2757,2905,2899,2550,3139,2680,2585,7968,0
1041,2978,2751,2899,2899,2550,3133,2680,2585,7957,0
1042,2966,2757,2899,2893,2550,3133,2680,2585,7973,0
1043,2974,2751,2893,2899,2550,3133,2680,2585,7958,0
1044,2966,2751,2893,2893,2550,3127,2686,2592,7967,0
1045,2960,2751,2886,2886,2550,3127,2680,2585,7970,0
1046,2960,2746,2882,2886,2550,3121,2680,2585,7976,0
1047,2960,2751,2886,2886,2550,3121,2680,2585,7984,0
1048,2955,2746,2882,2882,2556,3121,2686,2592,7971,0
1049,2955,2757,2882,2882,2550,3116,2680,2592,7987,0
1050,2949,2746,2876,2876,2550,3110,2680,2592,7993,0
1051,2941,2746,2876,2876,2550,3110,2686,2585,7985,0
1052,2941,2751,2876,2870,2550,3110,2680,2585,7993,0
1053,2941,2746,2870,2870,2550,3104,2680,2585,7990,0
1054,2941,2746,2863,2870,2550,3104,2680,2585,7984,0
1055,2935,2751,2863,2863,2550,3098,2680,2585,8009,0
1056,2935,2746,2863,2863,2550,3098,2680,2585,7998,0
1057,2935,2740,2859,2859,2550,3093,2686,2592,8000,0
1058,2930,2746,2859,2859,2556,3093,2680,2592,8003,0
1059,2924,2740,2859,2859,2550,3087,2680,2585,7995,0
1060,2924,2746,2853,2859,2550,3093,2680,2581,7998,0
1061,2924,2746,2853,2859,2550,3087,2680,2585,8006,0
1062,2916,2740,2853,2853,2550,3081,2680,2585,8004,0
1063,2916,2740,2849,2853,2550,3081,2680,2592,8005,0
1064,2909,2734,2849,2849,2550,3081,2680,2585,8000,0
1065,2909,2740,2849,2849,2550,3075,2680,2585,8007,0
1066,2909,2740,2843,2849,2550,3075,2680,2581,8009,0
1067,2905,2734,2849,2849,2550,3075,2680,2585,8009,0
1068,2905,2740,2843,2843,2550,3070,2680,2585,8016,0
1069,2905,2734,2843,2843,2550,3064,2680,2581,8009,0
1070,2899,2740,2836,2843,2550,3064,2680,2585,8009,0
1071,2899,2734,2836,2836,2550,3064,2686,2581,8010,0
1072,2899,2734,2836,2843,2550,3060,2675,2581,8018,0
1073,2893,2734,2832,2836,2550,3060,2680,2581,8024,0
1074,2893,2734,2832,2836,2550,3060,2680,2585,8021,0
1075,2886,2740,2832,2832,2556,3054,2680,2585,8023,0
1076,2886,2734,2832,2832,2550,3054,2680,2585,8027,0
1077,2886,2734,2832,2832,2550,3054,2680,2585,8028,0
1078,2882,2728,2832,2826,2556,3047,2680,2585,8032,0
1079,2882,2734,2826,2826,2556,3047,2680,2592,8032,0
1080,2876,2734,2826,2832,2550,3043,2680,2585,8028,0
1081,2876,2734,2826,2826,2556,3043,2680,2592,8038,0
1082,2870,2728,2820,2826,2550,3043,2680,2585,8035,0
1083,2870,2734,2820,2826,2556,3037,2680,2592,8029,0
1084,2870,2734,2820,2820,2550,3037,2680,2585,8024,0
1085,2870,2728,2820,2820,2550,3037,2680,2585,8039,0
1086,2863,2734,2820,2820,2550,3037,2680,2581,8043,0
1087,2863,2728,2815,2815,2556,3031,2680,2585,8041,0
1088,2863,2728,2820,2820,2556,3020,2686,2581,8031,0
1089,2859,2728,2820,2815,2556,3020,2680,2592,8043,0
1090,2859,2721,2815,2815,2556,3020,2680,2592,8039,0
1091,2859,2728,2815,2815,2556,3014,2680,2585,8036,0
1092,2859,2734,2815,2815,2556,3014,2680,2585,8048,0
1093,2853,2728,2809,2809,2550,3014,2680,2581,8048,0
1094,2853,2721,2809,2809,2556,3010,2680,2581,8043,0
1095,2849,2721,2809,2809,2556,3010,2680,2585,8049,0
1096,2849,2721,2809,2809,2556,3004,2680,2581,8057,0
1097,2849,2721,2809,2809,2550,3004,2680,2581,8051,0
1098,2849,2721,2809,2809,2550,3004,2680,2585,8042,0
1099,2849,2721,2809,2803,2550,3004,2680,2592,8045,0
1100,2843,2715,2803,2803,2546,2991,2669,2592,8045,0
1101,2836,2721,2803,2799,2546,2999,2680,2575,8045,0
1102,2836,2715,2799,2799,2546,2991,2675,2581,8052,0
1103,2836,2715,2799,2799,2550,2991,2675,2581,8045,0
1104,2836,2721,2803,2803,2550,2991,2680,2592,8059,0
1105,2832,2715,2799,2799,2546,2985,2675,2581,8056,0
1106,2836,2721,2803,2803,2556,2991,2680,2581,8068,0
1107,2832,2721,2803,2799,2556,2985,2680,2585,8053,0
1108,2836,2728,2799,2799,2556,2985,2680,2585,8062,0
1109,2832,2721,2799,2799,2556,2985,2680,2592,8064,0
1110,2826,2715,2799,2799,2550,2985,2680,2592,8064,0
1111,2820,2728,2799,2799,2550,2978,2680,2585,8062,0
1112,2820,2709,2786,2786,2550,2974,2675,2575,8052,0
1113,2826,2721,2799,2792,2556,2978,2680,2585,8064,0
1114,2820,2728,2799,2799,2556,2974,2680,2585,8062,0
1115,2820,2721,2799,2792,2556,2974,2680,2585,8067,0
1116,2815,2715,2792,2786,2556,2974,2680,2585,8064,0
1117,2815,2721,2792,2786,2556,2966,2680,2581,8066,0
1118,2815,2715,2792,2786,2556,2966,2675,2581,8066,0
1119,2815,2715,2792,2792,2550,2966,2680,2585,8073,0
1120,2815,2721,2792,2786,2550,2966,2680,2581,8069,0
1121,2815,2715,2792,2786,2556,2960,2680,2585,8063,0
1122,2809,2715,2792,2786,2556,2960,2680,2581,8064,0
1123,2803,2715,2786,2780,2556,2960,2680,2585,8058,0
1124,2809,2709,2786,2780,2550,2960,2675,2585,8066,0
1125,2803,2715,2786,2780,2550,2955,2680,2585,8067,0
1126,2803,2709,2786,2780,2550,2955,2680,2585,8073,0
1127,2803,2715,2786,2780,2550,2949,2675,2581,8070,0
1128,2803,2715,2786,2780,2550,2949,2680,2585,8067,0
1129,2799,2709,2786,2780,2556,2949,2675,2585,8072,0
1130,2803,2709,2786,2780,2556,2949,2680,2585,8078,0
1131,2799,2715,2786,2780,2556,2941,2675,2585,8070,0
1132,2799,2715,2786,2774,2556,2941,2680,2581,8077,0
1133,2799,2715,2780,2780,2556,2941,2675,2581,8077,0
1134,2799,2715,2780,2774,2550,2941,2675,2581,8076,0
1135,2792,2715,2780,2774,2550,2941,2675,2581,8073,0
1136,2792,2715,2780,2774,2550,2935,2675,2581,8076,0
1137,2792,2715,2780,2774,2556,2935,2675,2581,8072,0
1138,2792,2715,2780,2774,2550,2935,2675,2581,8082,0
1139,2786,2715,2780,2774,2556,2935,2675,2581,8076,0
1140,2786,2715,2780,2774,2550,2930,2675,2581,8086,0
1141,2792,2715,2786,2780,2556,2935,2686,2592,8076,0
1142,2792,2721,2786,2774,2556,2935,2680,2592,8084,0
1143,2792,2715,2786,2774,2562,2935,2680,2592,8075,0
1144,2786,2715,2786,2774,2556,2930,2680,2592,8075,0
1145,2780,2715,2780,2769,2550,2924,2675,2581,8079,0
1146,2786,2709,2774,2769,2550,2924,2675,2581,8084,0
1147,2780,2709,2774,2769,2550,2916,2675,2581,8093,0
1148,2774,2709,2780,2769,2550,2916,2675,2581,8079,0
1149,2780,2709,2774,2769,2550,2916,2675,2581,8078,0
1150,2780,2715,2780,2774,2556,2924,2680,2585,8077,0
1151,2774,2702,2774,2769,2550,2916,2675,2585,8092,0
1152,2774,2709,2774,2763,2550,2916,2675,2581,8084,0
1153,2774,2709,2774,2769,2556,2909,2675,2581,8072,0
1154,2769,2709,2774,2763,2556,2916,2675,2581,8081,0
1155,2769,2709,2774,2763,2556,2909,2675,2581,8084,0
1156,2774,2709,2774,2769,2556,2909,2675,2581,8086,0
1157,2769,2702,2774,2763,2550,2909,2675,2592,8085,0
1158,2769,2709,2774,2763,2556,2909,2675,2585,8090,0
1159,2769,2709,2774,2763,2550,2905,2675,2585,8086,0
1160,2763,2702,2774,2763,2556,2905,2675,2581,8087,0
1161,2769,2702,2774,2763,2550,2905,2675,2581,8087,0
1162,2763,2709,2774,2763,2550,2905,2675,2581,8084,0
1163,2763,2702,2774,2763,2550,2905,2675,2581,8089,0
1164,2763,2709,2769,2763,2556,2905,2675,2581,8093,0
1165,2757,2702,2763,2751,2550,2899,2669,2575,8092,0
1166,2751,2698,2763,2751,2550,2893,2669,2575,8087,0
1167,2751,2702,2763,2757,2550,2893,2669,2581,8085,0
1168,2763,2709,2769,2757,2556,2899,2675,2585,8092,0
1169,2757,2709,2769,2757,2556,2899,2675,2585,8092,0
1170,2757,2715,2769,2757,2556,2899,2675,2585,8098,0
1171,2757,2702,2769,2757,2556,2893,2675,2585,8083,0
1172,2757,2702,2769,2757,2550,2893,2680,2585,8091,0
1173,2751,2702,2763,2751,2550,2886,2675,2581,8090,0
1174,2751,2698,2763,2751,2550,2886,2675,2581,8086,0
1175,2751,2702,2769,2757,2556,2893,2680,2585,8100,0
1176,2751,2709,2769,2757,2556,2893,2680,2585,8083,0
1177,2751,2709,2769,2757,2556,2893,2675,2585,8086,0
1178,2751,2709,2769,2757,2556,2886,2680,2585,8096,0
1179,2746,2709,2769,2757,2556,2886,2675,2585,8083,0
1180,2746,2698,2757,2751,2550,2882,2669,2575,8097,0
1181,2751,2702,2769,2757,2556,2886,2680,2585,8093,0
1182,2746,2702,2769,2757,2556,2886,2675,2585,8087,0
1183,2751,2702,2763,2751,2556,2882,2675,2581,8089,0
1184,2751,2709,2769,2751,2556,2882,2675,2581,8091,0
1185,2740,2698,2763,2751,2550,2876,2669,2575,8092,0
1186,2746,2702,2769,2751,2556,2882,2680,2581,8093,0
1187,2746,2702,2769,2757,2556,2882,2675,2585,8093,0
1188,2740,2702,2769,2757,2556,2882,2680,2585,8086,0
1189,2740,2702,2769,2751,2556,2882,2680,2585,8094,0
1190,2746,2702,2769,2751,2556,2876,2675,2585,8098,0
1191,2740,2702,2763,2751,2556,2876,2675,2585,8084,0
1192,2734,2698,2757,2746,2550,2870,2669,2575,8096,0
1193,2740,2698,2763,2751,2556,2876,2675,2585,8100,0
1194,2734,2702,2769,2751,2556,2876,2680,2585,8093,0
1195,2734,2702,2763,2751,2556,2876,2675,2585,8101,0
1196,2734,2698,2757,2746,2550,2863,2669,2585,8100,0
1197,2734,2698,2757,2746,2550,2870,2675,2581,8104,0
1198,2734,2702,2757,2746,2550,2863,2669,2581,8095,0
1199,2728,2698,2757,2746,2550,2863,2669,2581,8097,0
1200,2734,2698,2763,2751,2556,2870,2680,2581,8102,0
1201,2734,2698,2757,2746,2550,2870,2675,2581,8104,0
1202,2734,2702,2763,2746,2556,2870,2675,2581,8092,0
1203,2734,2702,2763,2746,2556,2870,2680,2585,8097,0
1204,2728,2702,2763,2746,2556,2870,2675,2585,8103,0
1205,2734,2698,2763,2751,2556,2863,2675,2581,8108,0
1206,2728,2702,2763,2751,2556,2863,2680,2581,8097,0
1207,2728,2702,2763,2746,2556,2870,2675,2585,8097,0
1208,2728,2702,2763,2746,2556,2863,2675,2581,8096,0
1209,2728,2702,2763,2746,2556,2863,2675,2585,8090,0
1210,2728,2698,2763,2746,2556,2863,2675,2585,8090,0
1211,2728,2698,2763,2746,2556,2863,2675,2585,8104,0
1212,2728,2692,2757,2740,2550,2859,2669,2581,8100,0
1213,2728,2702,2763,2746,2556,2859,2675,2585,8100,0
1214,2728,2702,2757,2746,2556,2859,2675,2585,8100,0
1215,2728,2698,2763,2746,2556,2859,2675,2581,8097,0
1216,2728,2702,2763,2751,2562,2863,2680,2585,8103,0
1217,2728,2698,2763,2746,2550,2859,2675,2581,8100,0
1218,2721,2698,2757,2746,2556,2859,2675,2575,8111,0
1219,2721,2698,2757,2746,2556,2853,2675,2581,8112,0
1220,2721,2702,2763,2746,2556,2859,2675,2581,8101,0
1221,2721,2698,2757,2746,2556,2853,2675,2575,8108,0
1222,2721,2698,2763,2746,2556,2853,2675,2581,8101,0
1223,2715,2702,2757,2746,2556,2853,2675,2585,8100,0
1224,2721,2698,2757,2746,2556,2853,2675,2585,8097,0
1225,2715,2698,2757,2740,2550,2849,2669,2581,8101,0
1226,2709,2698,2757,2740,2550,2849,2669,2585,8103,0
1227,2721,2698,2757,2746,2556,2853,2675,2581,8100,0
1228,2709,2692,2751,2734,2550,2849,2669,2592,8104,0
1229,2715,2702,2757,2740,2556,2853,2675,2581,8103,0
1230,2715,2698,2757,2740,2556,2853,2675,2581,8103,0
1231,2715,2702,2757,2746,2556,2853,2675,2585,8105,0
1232,2709,2698,2763,2740,2556,2849,2675,2581,8106,0
1233,2715,2698,2757,2740,2556,2849,2675,2585,8097,0
1234,2715,2698,2757,2740,2556,2849,2675,2581,8101,0
1235,2709,2698,2757,2740,2556,2849,2675,2585,8101,0
1236,2715,2698,2757,2740,2550,2849,2669,2581,8101,0
1237,2715,2698,2757,2740,2556,2849,2675,2581,8104,0
1238,2709,2698,2757,2740,2556,2849,2675,2581,8102,0
1239,2709,2698,2757,2740,2556,2849,2675,2585,8095,0
1240,2715,2698,2757,2746,2556,2849,2675,2581,8098,0
1241,2709,2698,2757,2740,2556,2849,2675,2581,8103,0
1242,2709,2698,2757,2740,2556,2849,2675,2581,8104,0
1243,2709,2692,2751,2734,2550,2843,2669,2581,8107,0
1244,2702,2686,2751,2734,2550,2836,2669,2575,8105,0
1245,2709,2698,2757,2740,2556,2843,2675,2581,8108,0
1246,2709,2698,2757,2740,2556,2843,2675,2581,8104,0
1247,2709,2698,2757,2740,2556,2843,2675,2581,8100,0
1248,2709,2698,2763,2740,2556,2843,2675,2581,8103,0
1249,2709,2698,2757,2740,2556,2843,2675,2585,8106,0
1250,2702,2698,2757,2740,2556,2843,2675,2592,8103,0
1251,2702,2698,2757,2740,2556,2836,2675,2581,8108,0
1252,2709,2698,2757,2740,2556,2843,2675,2581,8104,0
1253,2709,2698,2757,2734,2550,2836,2675,2581,8115,0
1254,2702,2702,2757,2740,2556,2843,2669,2585,8095,0
1255,2702,2698,2757,2740,2556,2836,2669,2585,8103,0
1256,2709,2702,2763,2740,2562,2843,2680,2585,8112,0
1257,2698,2702,2763,2746,2562,2836,2675,2585,8112,0
1258,2702,2698,2751,2734,2550,2836,2669,2581,8103,0
1259,2702,2692,2751,2740,2556,2836,2675,2581,8097,0
1260,2698,2692,2751,2734,2550,2836,2669,2585,8110,0
1261,2702,2692,2757,2734,2556,2836,2669,2581,8099,0
1262,2702,2698,2757,2740,2550,2832,2675,2581,8106,0
1263,2698,2692,2757,2734,2556,2836,2675,2581,8112,0
1264,2698,2692,2751,2734,2556,2836,2669,2581,8095,0
1265,2702,2692,2757,2740,2550,2832,2669,2581,8106,0
1266,2698,2692,2757,2734,2556,2836,2675,2581,8110,0
1267,2698,2698,2751,2734,2556,2832,2669,2575,8100,0
1268,2702,2692,2751,2740,2556,2832,2675,2581,8109,0
1269,2698,2692,2751,2734,2556,2832,2669,2581,8099,0
1270,2698,2692,2751,2734,2556,2832,2669,2581,8104,0
1271,2698,2692,2757,2734,2556,2832,2669,2581,8114,0
1272,2698,2692,2751,2734,2556,2832,2675,2585,8098,0
1273,2698,2692,2751,2728,2556,2832,2669,2592,8103,0
1274,2698,2692,2751,2734,2556,2832,2675,2581,8098,0
1275,2692,2692,2751,2734,2556,2832,2675,2581,8103,0
1276,2698,2692,2751,2734,2556,2832,2669,2585,8104,0
